排名,排名变化,游戏名称,发行公司,昨日新增下载量,icon,类别,appid,公司名称,公司链接,最后更新
1,0,迷你世界,深圳市迷你玩科技有限公司,263100,https://static-cdn.aso100.com/pic/view/type/android/source/aHR0cDovL2ltZy53c2RsLnZpdm8uY29tLmNuL2FwcHN0b3JlL2RldmVsb3Blci9pY29uLzIwMTgwNzE5LzIwMTgwNzE5MTAwNDU0NDUwNjIyNC5wbmc=,单机榜,1944958,-,无,2018-12-06
2,0,快乐斗地主送话费,深圳市禅游科技有限公司,107096,https://static-cdn.aso100.com/pic/view/type/android/source/aHR0cDovL2ltZy53ZGppbWcuY29tL21tcy9pY29uL3YxLzkvODUvNjI4OTFkODI2ZjllYTc4MDJkYTUwNGZmNWE4YTU4NTlfMjU2XzI1Ni5wbmc=,单机榜,1095126,深圳市禅游科技股份有限公司,https://www.qimai.cn/company/product/id/31341,2018-12-06
3,0,QQ飞车手游,腾讯,105041,https://static-cdn.aso100.com/pic/view/type/android/source/aHR0cDovL3BwLm15YXBwLmNvbS9tYV9pY29uLzAvaWNvbl81MjQ4ODU3NV8xNTQxNjQyODQ5LzI1Ng==,单机榜,4381350,-,无,2018-12-06
4,0,开心消消乐,吴新新,155001,https://static-cdn.aso100.com/pic/view/type/android/source/aHR0cDovL3BwLm15YXBwLmNvbS9tYV9pY29uLzAvaWNvbl8xMDU2NTQyNV8xNTQzMjAzMjE0LzI1Ng==,单机榜,64121,-,无,2018-12-06
5,0,欢喜斗地主（送红包）,霍尔果斯蒲公英网络科技有限公司,112380,https://static-cdn.aso100.com/pic/view/type/android/source/aHR0cDovL2ltZy53c2RsLnZpdm8uY29tLmNuL2FwcHN0b3JlL2RldmVsb3Blci9pY29uLzIwMTgwNjI3LzIwMTgwNjI3MTU0ODQ5NTc4NDI5Mi5wbmc=,单机榜,1946637,-,无,2018-12-06
6,0,我的世界,上海网之易吾世界网络科技有限公司,0,https://static-cdn.aso100.com/pic/view/type/android/source/aHR0cDovL2ltZy53c2RsLnZpdm8uY29tLmNuL2FwcHN0b3JlL2RldmVsb3Blci9pY29uLzIwMTgwOTI2LzIwMTgwOTI2MTgyNzA2MjY2MzY5NC5qcGc=,单机榜,4882241,-,无,2018-12-06
7,0,公主的装扮舞会,掌拓信息科技有限公司,69997,https://static-cdn.aso100.com/pic/view/type/android/source/aHR0cDovL2NkbjAwLmJhaWR1LWltZy5jbi90aW1nP3ZzYXBwJnNpemU9YjE1MF8xNTAmaW1ndHlwZT0zJnF1YWxpdHk9MTAwJmVyJnNlYz0wJmRpPWEyZTc0N2YyMDhiMDNmZWY3YmIzYzYzY2UxNTc0OWI0JnJlZj1odHRwJTNBJTJGJTJGZS5oaXBob3Rvcy5iZGltZy5jb20mc3JjPWh0dHAlM0ElMkYlMkZlLmhpcGhvdG9zLmJkaW1nLmNvbSUyRndpc2VnYW1lJTJGd2glMjUzRDUxMiUyNTJDNTEyJTJGc2lnbiUzRDIxNTZjNDMwNzhmMDgyMDIyZGM3OTkzYTdhYzlkN2Q4JTJGY2RiZjZjODE4MDBhMTlkODMwMjNhNDE2MzhmYTgyOGJhNjFlNDY4NC5qcGc=,单机榜,2045928,-,无,2018-12-06
8,0,汤姆猫跑酷（会说话系列）,天津多酷紫桐科技有限公司,113791,https://static-cdn.aso100.com/pic/view/type/android/source/aHR0cDovL2ltZy53c2RsLnZpdm8uY29tLmNuL2FwcHN0b3JlL2RldmVsb3Blci9pY29uLzIwMTgxMTMwLzIwMTgxMTMwMTIyNTE4MzI2NTIxLmpwZw==,单机榜,1944141,-,无,2018-12-06
9,0,第五人格,杭州网易雷火科技有限公司,33006,https://static-cdn.aso100.com/pic/view/type/android/source/aHR0cDovL2ltZy53c2RsLnZpdm8uY29tLmNuL2FwcHN0b3JlL2RldmVsb3Blci9pY29uLzIwMTgwODI3LzIwMTgwODI3MDkzMDU4OTU4ODQxMy5wbmc=,单机榜,5432526,-,无,2018-12-06
10,0,美少女换装4,蚂蚁科技智慧,60312,https://static-cdn.aso100.com/pic/view/type/android/source/aHR0cDovL2NkbjAwLmJhaWR1LWltZy5jbi90aW1nP3ZzYXBwJnNpemU9YjE1MF8xNTAmaW1ndHlwZT00JnF1YWxpdHk9MTAwJmVyJnNlYz0wJmRpPTE0ZTViYTFlOWU1MGNkODMxMzMxNmVjZmYyMjMzZjgyJnJlZj1odHRwJTNBJTJGJTJGZC5oaXBob3Rvcy5iZGltZy5jb20mc3JjPWh0dHAlM0ElMkYlMkZkLmhpcGhvdG9zLmJkaW1nLmNvbSUyRndpc2VnYW1lJTJGcGljJTJGaXRlbSUyRmFhZWExNWNlMzZkM2Q1Mzk5NWEzZjFjZjMwODdlOTUwMzUyYWIwMjQuanBn,单机榜,1942622,-,无,2018-12-06
11,0,我的汤姆猫,杭州哲信信息技术有限公司,76450,https://static-cdn.aso100.com/pic/view/type/android/source/aHR0cDovL2ltZy53c2RsLnZpdm8uY29tLmNuL2FwcHN0b3JlL2RldmVsb3Blci9pY29uLzIwMTcwNi8yMDE3MDYxOTE4Mzc1MTM1NzMyODcucG5n,单机榜,4412403,-,无,2018-12-06
12,0,我的安吉拉,杭州哲信信息技术有限公司,50774,https://static-cdn.aso100.com/pic/view/type/android/source/aHR0cDovL2ltZy53c2RsLnZpdm8uY29tLmNuL2FwcHN0b3JlL2RldmVsb3Blci9pY29uLzIwMTcwOC8yMDE3MDgwMzEyMDExODEwMzM2MDAucG5n,单机榜,4572167,-,无,2018-12-06
13,0,地铁跑酷（世界环游）,深圳市梦域科技有限公司,43010,https://static-cdn.aso100.com/pic/view/type/android/source/aHR0cDovL3BwLm15YXBwLmNvbS9tYV9pY29uLzAvaWNvbl8yNzM5NDhfMTU0Mjk2Mjc3Ni8yNTY=,单机榜,64138,深圳市创梦天地科技股份有限公司,https://www.qimai.cn/company/product/id/30699,2018-12-06
14,0,腾讯欢乐麻将全集,腾讯游戏,37954,https://static-cdn.aso100.com/pic/view/type/android/source/aHR0cDovL3BwLm15YXBwLmNvbS9tYV9pY29uLzAvaWNvbl8xMDEyNTM2OF8xNTQzMzg2Nzc4LzI1Ng==,单机榜,105219,深圳市腾讯计算机系统有限公司,https://www.qimai.cn/company/product/id/11,2018-12-06
15,0,神庙逃亡2（送红包）,深圳市创梦天地科技有限公司,26374,https://static-cdn.aso100.com/pic/view/type/android/source/aHR0cDovL3BwLm15YXBwLmNvbS9tYV9pY29uLzAvaWNvbl8xMTQ0Mjk0XzE1NDA5NTcyMDgvMjU2,单机榜,64146,深圳市创梦天地科技有限公司,https://www.qimai.cn/company/product/id/4517,2018-12-06
16,0,元气骑士（勇闯地牢）,深圳市尚愉科技有限公司,17876,https://static-cdn.aso100.com/pic/view/type/android/source/aHR0cDovL2ltZy53c2RsLnZpdm8uY29tLmNuL2FwcHN0b3JlL2RldmVsb3Blci9pY29uLzIwMTgxMTIzLzIwMTgxMTIzMTI1ODM5Mzc3MzA5My5wbmc=,单机榜,3412132,-,无,2018-12-06
17,0,欢乐斗地主(完整版),深圳市禅游科技股份有限公司,32759,https://static-cdn.aso100.com/pic/view/type/android/source/aHR0cDovL2NkbjAwLmJhaWR1LWltZy5jbi90aW1nP3ZzYXBwJnNpemU9YjE1MF8xNTAmaW1ndHlwZT0zJnF1YWxpdHk9MTAwJmVyJnNlYz0wJmRpPTBjOWY3ODBjZDVjNzM4Njc2OGVmMTY3NzdmNTAzMzI1JnJlZj1odHRwJTNBJTJGJTJGaC5oaXBob3Rvcy5iZGltZy5jb20mc3JjPWh0dHAlM0ElMkYlMkZoLmhpcGhvdG9zLmJkaW1nLmNvbSUyRndpc2VnYW1lJTJGcGljJTJGaXRlbSUyRmNiZDNmZDFmNDEzNDk3MGEwZmY2MmY4NDlmY2FkMWM4YTY4NjVkOTcuanBn,单机榜,1179835,深圳市禅游科技股份有限公司,https://www.qimai.cn/company/product/id/31341,2018-12-06
18,0,弓箭手大作战,北京猎豹网络科技有限公司,19576,https://static-cdn.aso100.com/pic/view/type/android/source/aHR0cDovL2ltZy53c2RsLnZpdm8uY29tLmNuL2FwcHN0b3JlL2RldmVsb3Blci9pY29uLzIwMTgwNzEzLzIwMTgwNzEzMDA0MjQ4ODY3MDQyLnBuZw==,单机榜,3644886,-,无,2018-12-06
19,0,逃跑吧！少年-星际主题上线,深圳市抱一网络科技有限公司,58443,https://static-cdn.aso100.com/pic/view/type/android/source/aHR0cDovL2ltZy53c2RsLnZpdm8uY29tLmNuL2FwcHN0b3JlL2RldmVsb3Blci9pY29uLzIwMTgwNzAzLzIwMTgwNzAzMTgzNjQ5MzgzNDk4LmpwZw==,单机榜,6384339,-,无,2018-12-06
20,0,出租车模拟3D,天津羽仁科技有限公司,38576,https://static-cdn.aso100.com/pic/view/type/android/source/aHR0cDovL2ltZy53c2RsLnZpdm8uY29tLmNuL2FwcHN0b3JlL2RldmVsb3Blci9pY29uLzIwMTgxMDMwLzIwMTgxMDMwMTE0ODQwNzE2MjYzMy5qcGc=,单机榜,6733924,-,无,2018-12-06
21,0,欢乐人人斗地主,广州汶颢信息技术有限公司,79014,https://static-cdn.aso100.com/pic/view/type/android/source/aHR0cDovL2ltZy53c2RsLnZpdm8uY29tLmNuL2FwcHN0b3JlL2RldmVsb3Blci9pY29uLzIwMTgwOTIwLzIwMTgwOTIwMTA1OTU4Mjk3OTI4Ny5wbmc=,单机榜,3602642,-,无,2018-12-06
22,0,宾果消消消,北京柠檬微趣科技股份有限公司,37843,https://static-cdn.aso100.com/pic/view/type/android/source/aHR0cDovL3BwLm15YXBwLmNvbS9tYV9pY29uLzAvaWNvbl81MjQ0NTI2NV8xNTQzMzE0NDMxLzI1Ng==,单机榜,1954401,-,无,2018-12-06
23,0,奥特曼传奇英雄,合肥乐堂动漫信息技术有限公司,20574,https://static-cdn.aso100.com/pic/view/type/android/source/aHR0cDovL2ltZy53c2RsLnZpdm8uY29tLmNuL2FwcHN0b3JlL2RldmVsb3Blci9pY29uLzIwMTgwMS8yMDE4MDExOTExNTk1ODcwOTI5MTUucG5n,单机榜,5612248,-,无,2018-12-06
24,0,火柴人战争：遗产,天津羽仁科技有限公司,118348,https://static-cdn.aso100.com/pic/view/type/android/source/aHR0cDovL2ltZy53c2RsLnZpdm8uY29tLmNuL2FwcHN0b3JlL2RldmVsb3Blci9pY29uLzIwMTgxMTA1LzIwMTgxMTA1MTA0ODIzMTA2NDMwOC5qcGc=,单机榜,6747885,-,无,2018-12-06
25,0,登山赛车,来自互联网,8833,https://static-cdn.aso100.com/pic/view/type/android/source/aHR0cDovL3AzLnFoaW1nLmNvbS90MDFlZTcyMzU5YTNjOTcxYTc3LndlYnA=,单机榜,119673,北京唯我乐园信息技术有限公司,https://www.qimai.cn/company/product/id/30718,2018-12-06
26,0,中国象棋,北京蓝色创想网络科技有限责任公司,50301,https://static-cdn.aso100.com/pic/view/type/android/source/aHR0cDovL2ltZy53c2RsLnZpdm8uY29tLmNuL2FwcHN0b3JlL2RldmVsb3Blci9pY29uLzIwMTcwOC8yMDE3MDgwMTE2MzU0ODgwNDIxNC5wbmc=,单机榜,4590734,北京蓝色创想网络科技有限责任公司,https://www.qimai.cn/company/product/id/30741,2018-12-06
27,0,欢乐斗地主四人玩法（玩法合集）,霍尔果斯蒲公英网络科技有限公司,25294,https://static-cdn.aso100.com/pic/view/type/android/source/aHR0cDovL2ltZy53c2RsLnZpdm8uY29tLmNuL2FwcHN0b3JlL2RldmVsb3Blci9pY29uLzIwMTgwOTIwLzIwMTgwOTIwMTQxMTA5MzEwNjY0MC5wbmc=,单机榜,1965690,-,无,2018-12-06
28,0,最后的子弹,天津羽仁科技有限公司,58508,https://static-cdn.aso100.com/pic/view/type/android/source/aHR0cDovL2ltZy53c2RsLnZpdm8uY29tLmNuL2FwcHN0b3JlL2RldmVsb3Blci9pY29uLzIwMTgwOTI2LzIwMTgwOTI2MTAzOTM3OTgzNzE4MC5qcGc=,单机榜,6668588,-,无,2018-12-06
29,0,城市蜘蛛人英雄冬季版,天津羽仁科技有限公司,94944,https://static-cdn.aso100.com/pic/view/type/android/source/aHR0cDovL2ltZy53c2RsLnZpdm8uY29tLmNuL2FwcHN0b3JlL2RldmVsb3Blci9pY29uLzIwMTgxMDI1LzIwMTgxMDI1MTU0OTMxMzY1MzMyOC5qcGc=,单机榜,6747598,-,无,2018-12-06
30,0,小玛丽捕鱼-正版赢话费,乐其互动(武汉）网络科技有限公司,33708,https://static-cdn.aso100.com/pic/view/type/android/source/aHR0cDovL2ltZy53c2RsLnZpdm8uY29tLmNuL2FwcHN0b3JlL2RldmVsb3Blci9pY29uLzIwMTgwNDAyLzIwMTgwNDAyMTcyMDA1NTI1NDU4MC5wbmc=,单机榜,2373857,-,无,2018-12-06
31,0,梦幻花园（少女心 ）,深圳市创梦天地科技有限公司,34123,https://static-cdn.aso100.com/pic/view/type/android/source/aHR0cDovL2ltZy53c2RsLnZpdm8uY29tLmNuL2FwcHN0b3JlL2RldmVsb3Blci9pY29uLzIwMTgxMTI4LzIwMTgxMTI4MTcxODM1NDcyNTA0LmpwZw==,单机榜,4882925,-,无,2018-12-06
32,0,真实卡车模拟器,天津羽仁科技有限公司,79884,https://static-cdn.aso100.com/pic/view/type/android/source/aHR0cDovL2ltZy53c2RsLnZpdm8uY29tLmNuL2FwcHN0b3JlL2RldmVsb3Blci9pY29uLzIwMTgxMDMwLzIwMTgxMDMwMTU1NjU3NDI4NjQ0MC5qcGc=,单机榜,6747490,-,无,2018-12-06
33,0,黑洞大作战,深圳梦域网络科技有限公司,39714,https://static-cdn.aso100.com/pic/view/type/android/source/aHR0cDovL2ltZy53c2RsLnZpdm8uY29tLmNuL2FwcHN0b3JlL2RldmVsb3Blci9pY29uLzIwMTgwODE0LzIwMTgwODE0MTQzNTMwMjUwNDczNS5qcGc=,单机榜,6536565,-,无,2018-12-06
34,0,校花超级美发,培萍工作室,21398,https://static-cdn.aso100.com/pic/view/type/android/source/aHR0cDovL2NkbjAwLmJhaWR1LWltZy5jbi90aW1nP3ZzYXBwJnNpemU9YjE1MF8xNTAmaW1ndHlwZT00JnF1YWxpdHk9MTAwJmVyJnNlYz0wJmRpPWFkNDFiNTFiMTMyYjFjZjY2YTM2NGE4MmRhZWVmYmIxJnJlZj1odHRwJTNBJTJGJTJGaC5oaXBob3Rvcy5iZGltZy5jb20mc3JjPWh0dHAlM0ElMkYlMkZoLmhpcGhvdG9zLmJkaW1nLmNvbSUyRndpc2VnYW1lJTJGd2glMjUzRDUxMiUyNTJDNTEyJTJGc2lnbiUzRGExMGFhMDc2YmIwMDNhZjM0ZGVmZDQ2NTA0MThlYTY5JTJGMjY3ZjllMmYwNzA4MjgzODg4ZTk5YzZiYjU5OWE5MDE0ZDA4ZjFlZC5qcGc=,单机榜,1947676,-,无,2018-12-06
35,0,忍者必须死3,杭州炎魂网络科技有限公司,55320,https://static-cdn.aso100.com/pic/view/type/android/source/aHR0cDovL2ltZy53c2RsLnZpdm8uY29tLmNuL2FwcHN0b3JlL2RldmVsb3Blci9pY29uLzIwMTgwNjEwLzIwMTgwNjEwMDA0MDE0MTcxNjIzNS5qcGc=,单机榜,6304315,-,无,2018-12-06
36,0,狙神荣耀,北京寻梦科技有限公司,27720,https://static-cdn.aso100.com/pic/view/type/android/source/aHR0cDovL2ltZy53c2RsLnZpdm8uY29tLmNuL2FwcHN0b3JlL2RldmVsb3Blci9pY29uLzIwMTgwNDAyLzIwMTgwNDAyMTgyNzIwMTg1NzU3LnBuZw==,单机榜,4936941,-,无,2018-12-06
37,0,恐怖奶奶-胆小勿入,金d哲信（深圳）科技有限公司,85716,https://static-cdn.aso100.com/pic/view/type/android/source/aHR0cDovL2ltZy53c2RsLnZpdm8uY29tLmNuL2FwcHN0b3JlL2RldmVsb3Blci9pY29uLzIwMTgxMTEyLzIwMTgxMTEyMTEzNzM0NDc0MDQwNi5qcGc=,单机榜,6770283,-,无,2018-12-06
38,0,三国杀,杭州游卡网络技术有限公司,6578,https://static-cdn.aso100.com/pic/view/type/android/source/aHR0cDovL2ltZy53c2RsLnZpdm8uY29tLmNuL2FwcHN0b3JlL2RldmVsb3Blci9pY29uLzIwMTgxMDMwLzIwMTgxMDMwMTMzNDQzNzY2NjY1LmpwZw==,单机榜,1953547,-,无,2018-12-06
39,0,逃出银河系-木筏明日求生,深圳市天逸之夏网络科技有限公司,108060,https://static-cdn.aso100.com/pic/view/type/android/source/aHR0cDovL2ltZy53c2RsLnZpdm8uY29tLmNuL2FwcHN0b3JlL2RldmVsb3Blci9pY29uLzIwMTgxMTI5LzIwMTgxMTI5MTQwMjUyNDk5Mzg0MC5wbmc=,单机榜,6760929,-,无,2018-12-06
40,0,冲出停机场,全点信息科技软件,9608,https://static-cdn.aso100.com/pic/view/type/android/source/aHR0cDovL2NkbjAwLmJhaWR1LWltZy5jbi90aW1nP3ZzYXBwJnNpemU9YjE1MF8xNTAmaW1ndHlwZT00JnF1YWxpdHk9MTAwJmVyJnNlYz0wJmRpPWIwZWQ4Y2NlYjdjY2E3OWMxYjE1NGVjMTFiZjM3ZDdiJnJlZj1odHRwJTNBJTJGJTJGZS5oaXBob3Rvcy5iZGltZy5jb20mc3JjPWh0dHAlM0ElMkYlMkZlLmhpcGhvdG9zLmJkaW1nLmNvbSUyRndpc2VnYW1lJTJGcGljJTJGaXRlbSUyRmNjYzM3OTMxMGE1NWIzMTk3ZmQyNGM3OTQ5YTk4MjI2Y2ZmYzE3OTcuanBn,单机榜,2671142,-,无,2018-12-06
41,0,跳舞的线,北京猎豹网络科技有限公司,9468,https://static-cdn.aso100.com/pic/view/type/android/source/aHR0cDovL2ltZy53c2RsLnZpdm8uY29tLmNuL2FwcHN0b3JlL2RldmVsb3Blci9pY29uLzIwMTgxMTE2LzIwMTgxMTE2MTQwNjMxNTE3NTEwMi5wbmc=,单机榜,4957077,-,无,2018-12-06
42,0,消灭星星全新版,掌游天下（北京）信息技术股份有限公司,20261,https://static-cdn.aso100.com/pic/view/type/android/source/aHR0cDovL3BwLm15YXBwLmNvbS9tYV9pY29uLzAvaWNvbl8xMDM5OTg4NF8xNTQxNzM2NzE3LzI1Ng==,单机榜,64145,掌游天下（北京）信息技术股份有限公司,https://www.qimai.cn/company/product/id/30702,2018-12-06
43,0,疯狂吃鸡,南京齐聚元翔科技有限公司,59492,https://static-cdn.aso100.com/pic/view/type/android/source/aHR0cDovL2ltZy53c2RsLnZpdm8uY29tLmNuL2FwcHN0b3JlL2RldmVsb3Blci9pY29uLzIwMTgxMTAyLzIwMTgxMTAyMTEyOTA5MjMwMjA3OS5qcGc=,单机榜,6750775,-,无,2018-12-06
44,0,奶块,深圳市抱一网络科技有限公司,7808,https://static-cdn.aso100.com/pic/view/type/android/source/aHR0cDovL2ltZy53c2RsLnZpdm8uY29tLmNuL2FwcHN0b3JlL2RldmVsb3Blci9pY29uLzIwMTgwOTI1LzIwMTgwOTI1MTkxNzU5NDE5NDA3OS5qcGc=,单机榜,4928218,-,无,2018-12-06
45,0,王牌大作战,掌游天下（北京）信息技术股份有限公司,9800,https://static-cdn.aso100.com/pic/view/type/android/source/aHR0cDovL2ltZy53c2RsLnZpdm8uY29tLmNuL2FwcHN0b3JlL2RldmVsb3Blci9pY29uLzIwMTgwOTI4LzIwMTgwOTI4MTIxMzMyNjY2NzgyNy5wbmc=,单机榜,3704983,掌游天下（北京）信息技术股份有限公司,https://www.qimai.cn/company/product/id/30702,2018-12-06
46,0,登山赛车2,北京唯我乐园信息技术有限公司,17062,https://static-cdn.aso100.com/pic/view/type/android/source/aHR0cDovL2ltZy53c2RsLnZpdm8uY29tLmNuL2FwcHN0b3JlL2RldmVsb3Blci9pY29uLzIwMTgwMjA1LzIwMTgwMjA1MTM1NTI4MzE1Nzg1Ni5wbmc=,单机榜,4319171,北京唯我乐园信息技术有限公司,https://www.qimai.cn/company/product/id/30718,2018-12-06
47,0,欢乐捕鱼人-天天赢话费,上海炫亮实业有限公司,9705,https://static-cdn.aso100.com/pic/view/type/android/source/aHR0cDovL2ltZy53c2RsLnZpdm8uY29tLmNuL2FwcHN0b3JlL2RldmVsb3Blci9pY29uLzIwMTgwMzA1LzIwMTgwMzA1MDk1NzAwNzg1NDg5NC5wbmc=,单机榜,2096993,-,无,2018-12-06
48,0,创造与魔法,天津英雄互娱科技有限公司,0,https://static-cdn.aso100.com/pic/view/type/android/source/aHR0cDovL2ltZy53c2RsLnZpdm8uY29tLmNuL2FwcHN0b3JlL2RldmVsb3Blci9pY29uLzIwMTgwNzEyLzIwMTgwNzEyMDE0MTQ2MTU3NDQ5My5wbmc=,单机榜,5548460,-,无,2018-12-06
49,0,欢乐真人麻将,深圳市凡游网络科技有限公司,11488,https://static-cdn.aso100.com/pic/view/type/android/source/aHR0cDovL2ltZy53c2RsLnZpdm8uY29tLmNuL2FwcHN0b3JlL2RldmVsb3Blci9pY29uLzIwMTYwOC8yMDE2MDgyOTE1NTUwODQ0MjUyOC5qcGc=,单机榜,1961804,-,无,2018-12-06
50,0,梦想城镇,上海触控科技发展有限公司,8555,https://static-cdn.aso100.com/pic/view/type/android/source/aHR0cDovL2ltZy53c2RsLnZpdm8uY29tLmNuL2FwcHN0b3JlL2RldmVsb3Blci9pY29uLzIwMTgwNjA2LzIwMTgwNjA2MTM0MTI2ODkxNjQxOS5qcGc=,单机榜,1955419,-,无,2018-12-06
51,0,火车模拟器(3D火车驾驶),南京天豆互动网络科技有限公司,0,https://static-cdn.aso100.com/pic/view/type/android/source/aHR0cDovL2ltZy53c2RsLnZpdm8uY29tLmNuL2FwcHN0b3JlL2RldmVsb3Blci9pY29uLzIwMTgxMDI2LzIwMTgxMDI2MTgyMzEzMTE5ODcxOC5qcGc=,单机榜,6757562,-,无,2018-12-06
52,0,全民钓鱼,嘉丰永道（北京）科技股份有限公司,4286,https://static-cdn.aso100.com/pic/view/type/android/source/aHR0cDovL2ltZy53c2RsLnZpdm8uY29tLmNuL2FwcHN0b3JlL2RldmVsb3Blci9pY29uLzIwMTYwOS8yMDE2MDkxMzEzNDYwOTgxMzg2NTIuanBn,单机榜,1942959,-,无,2018-12-06
53,0,会说话的汤姆猫2,杭州哲信信息技术有限公司,11770,https://static-cdn.aso100.com/pic/view/type/android/source/aHR0cDovL2ltZy53c2RsLnZpdm8uY29tLmNuL2FwcHN0b3JlL2RldmVsb3Blci9pY29uLzIwMTcwOC8yMDE3MDgwMzE3MTYxNzg5NDAwMzMucG5n,单机榜,4644688,-,无,2018-12-06
54,0,枪魂狙击--枪林弹雨,杭州流冠科技有限公司,25652,https://static-cdn.aso100.com/pic/view/type/android/source/aHR0cDovL2ltZy53c2RsLnZpdm8uY29tLmNuL2FwcHN0b3JlL2RldmVsb3Blci9pY29uLzIwMTgxMTEwLzIwMTgxMTEwMTI0OTE4NTQ2NjkyLmpwZw==,单机榜,6770303,-,无,2018-12-06
55,0,满贯捕鱼-赢话费,重庆迅游科技有限公司,22143,https://static-cdn.aso100.com/pic/view/type/android/source/aHR0cDovL2ltZy53c2RsLnZpdm8uY29tLmNuL2FwcHN0b3JlL2RldmVsb3Blci9pY29uLzIwMTgwOTE4LzIwMTgwOTE4MjAzMDA4OTc5NzE5Ni5wbmc=,单机榜,3220279,-,无,2018-12-06
56,0,饥饿鲨：世界,北京掌趣科技股份有限公司,7192,https://static-cdn.aso100.com/pic/view/type/android/source/aHR0cDovL2ltZy53c2RsLnZpdm8uY29tLmNuL2FwcHN0b3JlL2RldmVsb3Blci9pY29uLzIwMTgwNDE5LzIwMTgwNDE5MTM1MTMyNjc4MDM2Ni5qcGc=,单机榜,5379473,-,无,2018-12-06
57,0,真实货车模拟：模拟卡车,深圳明雅数娱网络科技有限公司,46172,https://static-cdn.aso100.com/pic/view/type/android/source/aHR0cDovL2ltZy53c2RsLnZpdm8uY29tLmNuL2FwcHN0b3JlL2RldmVsb3Blci9pY29uLzIwMTgwODIxLzIwMTgwODIxMjEyNzIxNDg0MDU1My5wbmc=,单机榜,6522552,-,无,2018-12-06
58,0,真实公路汽车-城市模拟,深圳明雅数娱网络科技有限公司,63036,https://static-cdn.aso100.com/pic/view/type/android/source/aHR0cDovL2ltZy53c2RsLnZpdm8uY29tLmNuL2FwcHN0b3JlL2RldmVsb3Blci9pY29uLzIwMTgxMDE1LzIwMTgxMDE1MTE0NjE1NzMyNzAzOS5wbmc=,单机榜,6722920,-,无,2018-12-06
59,0,变形机器鲨3D-决战末日战场,深圳市指天椒科技有限公司,34228,https://static-cdn.aso100.com/pic/view/type/android/source/aHR0cDovL2ltZy53c2RsLnZpdm8uY29tLmNuL2FwcHN0b3JlL2RldmVsb3Blci9pY29uLzIwMTgxMTIzLzIwMTgxMTIzMTUwMDAwMTk1Njg4OC5qcGc=,单机榜,6770480,-,无,2018-12-06
60,0,沙漠大冒险,建良工作室,6408,https://static-cdn.aso100.com/pic/view/type/android/source/aHR0cDovL2NkbjAwLmJhaWR1LWltZy5jbi90aW1nP3ZzYXBwJnNpemU9YjE1MF8xNTAmaW1ndHlwZT00JnF1YWxpdHk9MTAwJmVyJnNlYz0wJmRpPTUxMzgyZWJkNDA3NGM4OGU5NTcxZTJiZjE0ZjlhMTQ3JnJlZj1odHRwJTNBJTJGJTJGZy5oaXBob3Rvcy5iZGltZy5jb20mc3JjPWh0dHAlM0ElMkYlMkZnLmhpcGhvdG9zLmJkaW1nLmNvbSUyRndpc2VnYW1lJTJGd2glMjUzRDUxMiUyNTJDNTEyJTJGc2lnbiUzRDE5NDE0MWVjOGYyNmNmZmM2OTdmYjdiNzg4MzM2NmE1JTJGYTY4NmM5MTc3ZjNlNjcwOTY3Mzk3MjhhMzZjNzlmM2RmOGRjNTU4ZC5qcGc=,单机榜,1965800,-,无,2018-12-06
61,0,雷龙出击-末日机甲战场,深圳市掌娱无限科技有限公司,18084,https://static-cdn.aso100.com/pic/view/type/android/source/aHR0cDovL2ltZy53c2RsLnZpdm8uY29tLmNuL2FwcHN0b3JlL2RldmVsb3Blci9pY29uLzIwMTgxMDI1LzIwMTgxMDI1MTUzOTM2Mzg4MTg5OS5qcGc=,单机榜,6195076,-,无,2018-12-06
62,0,小小英雄,广州四三九九信息科技有限公司,45615,https://static-cdn.aso100.com/pic/view/type/android/source/aHR0cDovL2ltZy53c2RsLnZpdm8uY29tLmNuL2FwcHN0b3JlL2RldmVsb3Blci9pY29uLzIwMTgwNDE5LzIwMTgwNDE5MTEwMDMxMTI3NDI1LnBuZw==,单机榜,4693339,广州四三九九信息科技有限公司,https://www.qimai.cn/company/product/id/30705,2018-12-06
63,0,狂暴飞艇,,8631,https://static-cdn.aso100.com/pic/view/type/android/source/aHR0cDovL2NkbjAwLmJhaWR1LWltZy5jbi90aW1nP3ZzYXBwJnNpemU9YjE1MF8xNTAmaW1ndHlwZT00JnF1YWxpdHk9MTAwJmVyJnNlYz0wJmRpPTU5YzRlYWY2NTlkNjVjOGQ1YWRhMDRlMzE2ODI1ODgwJnJlZj1odHRwJTNBJTJGJTJGZS5oaXBob3Rvcy5iZGltZy5jb20mc3JjPWh0dHAlM0ElMkYlMkZlLmhpcGhvdG9zLmJkaW1nLmNvbSUyRndpc2VnYW1lJTJGcGljJTJGaXRlbSUyRjIxYTdkOTMzYzg5NWQxNDNjMWViYzIyZDc5ZjA4MjAyNWFhZjA3MWEuanBn,单机榜,1946197,-,无,2018-12-06
64,0,荒岛求生,苏州大禹网络科技有限公司,18918,https://static-cdn.aso100.com/pic/view/type/android/source/aHR0cDovL2ltZy53c2RsLnZpdm8uY29tLmNuL2FwcHN0b3JlL2RldmVsb3Blci9pY29uLzIwMTcwNi8yMDE3MDYyMzExNTExMjI0NzcyMi5wbmc=,单机榜,4603184,苏州大禹网络科技有限公司,https://www.qimai.cn/company/product/id/42047,2018-12-06
65,0,魔法小芭比爱字母,君君工作室,5997,https://static-cdn.aso100.com/pic/view/type/android/source/aHR0cDovL2NkbjAwLmJhaWR1LWltZy5jbi90aW1nP3ZzYXBwJnNpemU9YjE1MF8xNTAmaW1ndHlwZT00JnF1YWxpdHk9MTAwJmVyJnNlYz0wJmRpPWRjM2FkNmIzNGUzODZlNTMyMzk5M2RjY2I2OWE1MzcxJnJlZj1odHRwJTNBJTJGJTJGZC5oaXBob3Rvcy5iZGltZy5jb20mc3JjPWh0dHAlM0ElMkYlMkZkLmhpcGhvdG9zLmJkaW1nLmNvbSUyRndpc2VnYW1lJTJGd2glMjUzRDUxMiUyNTJDNTEyJTJGc2lnbiUzRGZhZjE1N2QwNTc2MDM0YTgyOWI3YjA4NGZhMjE2NTYxJTJGNWFiNWM5ZWExNWNlMzZkM2I2ZWQ1ZGUxMzFmMzNhODdlODUwYjE3Mi5qcGc=,单机榜,5112549,-,无,2018-12-06
66,0,海滨消消乐-免费风车币,乐元素科技（北京）股份有限公司,7464,https://static-cdn.aso100.com/pic/view/type/android/source/aHR0cDovL3BwLm15YXBwLmNvbS9tYV9pY29uLzAvaWNvbl81Mjc4MjAxNV8xNTQzNDI4NzUwLzI1Ng==,单机榜,2662389,乐元素科技（北京）有限公司,https://www.qimai.cn/company/product/id/31188,2018-12-06
67,0,泡泡精灵传奇-泡泡龙,深圳云步互娱网络科技有限公司,17304,https://static-cdn.aso100.com/pic/view/type/android/source/aHR0cDovL2ltZy53c2RsLnZpdm8uY29tLmNuL2FwcHN0b3JlL2RldmVsb3Blci9pY29uLzIwMTgxMTIzLzIwMTgxMTIzMTkxMTUxNTM1MDU5NS5wbmc=,单机榜,3314655,-,无,2018-12-06
68,0,球球大战,南京游罡网络科技有限公司,26676,https://static-cdn.aso100.com/pic/view/type/android/source/aHR0cDovL2ltZy53c2RsLnZpdm8uY29tLmNuL2FwcHN0b3JlL2RldmVsb3Blci9pY29uLzIwMTgwOTAzLzIwMTgwOTAzMTAxNjEwNjcwMjAzNi5qcGc=,单机榜,6582701,-,无,2018-12-06
69,0,疾速城市赛车,艺馨达科技,16759,https://static-cdn.aso100.com/pic/view/type/android/source/aHR0cDovL2NkbjAwLmJhaWR1LWltZy5jbi90aW1nP3ZzYXBwJnNpemU9YjE1MF8xNTAmaW1ndHlwZT00JnF1YWxpdHk9MTAwJmVyJnNlYz0wJmRpPTQ1ZDA1YTQ1MDExNWE0MzJmMTg0M2Q1OWYwYjE5NWQwJnJlZj1odHRwJTNBJTJGJTJGZi5oaXBob3Rvcy5iZGltZy5jb20mc3JjPWh0dHAlM0ElMkYlMkZmLmhpcGhvdG9zLmJkaW1nLmNvbSUyRndpc2VnYW1lJTJGcGljJTJGaXRlbSUyRjhhMjRiODk5YTkwMTRjMDhlM2M2MzhhZTAwN2IwMjA4N2JmNGY0MzguanBn,单机榜,1944139,-,无,2018-12-06
70,0,火柴人联盟2,深圳市中顺和盈科技有限公司,16728,https://static-cdn.aso100.com/pic/view/type/android/source/aHR0cDovL2ltZy53c2RsLnZpdm8uY29tLmNuL2FwcHN0b3JlL2RldmVsb3Blci9pY29uLzIwMTgxMDI1LzIwMTgxMDI1MTA1NDEzMTMyNjUzNC5qcGc=,单机榜,5055414,-,无,2018-12-06
71,0,我的汉克狗,杭州哲信信息技术有限公司,12532,https://static-cdn.aso100.com/pic/view/type/android/source/aHR0cDovL2ltZy53c2RsLnZpdm8uY29tLmNuL2FwcHN0b3JlL2RldmVsb3Blci9pY29uLzIwMTcwNi8yMDE3MDYxOTE4MzQxMDY1MzkxODAucG5n,单机榜,4481858,-,无,2018-12-06
72,0,变形装甲-铠甲骑士战场,南京昕月亿科技有限公司,84924,https://static-cdn.aso100.com/pic/view/type/android/source/aHR0cDovL2ltZy53c2RsLnZpdm8uY29tLmNuL2FwcHN0b3JlL2RldmVsb3Blci9pY29uLzIwMTgxMTA5LzIwMTgxMTA5MTEzMDMyMzI1NTM3Mi5qcGc=,单机榜,6776338,-,无,2018-12-06
73,0,王牌机战（送话费）,上海蜂果网络科技有限公司,27327,https://static-cdn.aso100.com/pic/view/type/android/source/aHR0cDovL2ltZy53c2RsLnZpdm8uY29tLmNuL2FwcHN0b3JlL2RldmVsb3Blci9pY29uLzIwMTgwMzA4LzIwMTgwMzA4MTYwOTEzNzA1ODAzMy5wbmc=,单机榜,5163381,-,无,2018-12-06
74,0,怪兽消消消,北京柠檬微趣科技股份有限公司,8415,https://static-cdn.aso100.com/pic/view/type/android/source/aHR0cDovL3BwLm15YXBwLmNvbS9tYV9pY29uLzAvaWNvbl81MjQ3NzkzOF8xNTQzMzc1MTIwLzI1Ng==,单机榜,4194932,-,无,2018-12-06
75,0,途游斗地主（赢红包）,在线途游(北京)科技有限公司,9407,https://static-cdn.aso100.com/pic/view/type/android/source/aHR0cDovL2ltZy53c2RsLnZpdm8uY29tLmNuL2FwcHN0b3JlL2RldmVsb3Blci9pY29uLzIwMTgwOTI2LzIwMTgwOTI2MTUxNTQ2Nzk3MjUzOC5wbmc=,单机榜,1965689,-,无,2018-12-06
76,1,叶罗丽精灵梦,成都雷兽互动科技有限公司,4922,https://static-cdn.aso100.com/pic/view/type/android/source/aHR0cDovL2ltZy53c2RsLnZpdm8uY29tLmNuL2FwcHN0b3JlL2RldmVsb3Blci9pY29uLzIwMTgxMDE5LzIwMTgxMDE5MDk0MDIyNjQ1ODAxMS5qcGc=,单机榜,4597053,-,无,2018-12-06
77,1,梦幻家园（云养猫）,深圳市创梦天地科技有限公司,13692,https://static-cdn.aso100.com/pic/view/type/android/source/aHR0cDovL2ltZy53c2RsLnZpdm8uY29tLmNuL2FwcHN0b3JlL2RldmVsb3Blci9pY29uLzIwMTgxMTI2LzIwMTgxMTI2MTYyMzU3NTkxNzAyMi5wbmc=,单机榜,6501387,-,无,2018-12-06
78,1,欢乐赛车大战,深圳市创梦天地科技有限公司,3303,https://static-cdn.aso100.com/pic/view/type/android/source/aHR0cDovL2ltZy53c2RsLnZpdm8uY29tLmNuL2FwcHN0b3JlL2RldmVsb3Blci9pY29uLzIwMTgwMzEyLzIwMTgwMzEyMTUxODQ5ODI0OTMwNy5wbmc=,单机榜,5905609,-,无,2018-12-06
79,1,恐龙捕猎,南京齐聚元翔科技有限公司,48960,https://static-cdn.aso100.com/pic/view/type/android/source/aHR0cDovL2ltZy53c2RsLnZpdm8uY29tLmNuL2FwcHN0b3JlL2RldmVsb3Blci9pY29uLzIwMTgxMDI2LzIwMTgxMDI2MTAyMDM1NTE5NjAzMC5qcGc=,单机榜,6739489,-,无,2018-12-06
80,1,二战狙击,嘉丰永道（北京）科技股份有限公司,17073,https://static-cdn.aso100.com/pic/view/type/android/source/aHR0cDovL2ltZy53c2RsLnZpdm8uY29tLmNuL2FwcHN0b3JlL2RldmVsb3Blci9pY29uLzIwMTgwNTE2LzIwMTgwNTE2MTgwNDAwMjU2ODU5My5qcGc=,单机榜,1972964,-,无,2018-12-06
81,1,消灭星星3最新版,嘉丰永道（北京）科技有限公司,7328,https://static-cdn.aso100.com/pic/view/type/android/source/aHR0cDovL3BwLm15YXBwLmNvbS9tYV9pY29uLzAvaWNvbl8xMTE3MzY4OF8xNTQxMTQ5MzA1LzI1Ng==,单机榜,64194,嘉丰永道（北京）科技股份有限公司,https://www.qimai.cn/company/product/id/30722,2018-12-06
82,1,黑洞大吞噬(求生大作战),深圳市乐云无线科技有限公司,13050,https://static-cdn.aso100.com/pic/view/type/android/source/aHR0cDovL2ltZy53c2RsLnZpdm8uY29tLmNuL2FwcHN0b3JlL2RldmVsb3Blci9pY29uLzIwMTgwODIzLzIwMTgwODIzMjIxNDM2MjQyODAwOC5wbmc=,单机榜,6528792,-,无,2018-12-06
83,1,熊出没之熊大快跑（送话费）,合肥乐堂动漫信息技术有限公司,0,https://static-cdn.aso100.com/pic/view/type/android/source/aHR0cDovL3BwLm15YXBwLmNvbS9tYV9pY29uLzAvaWNvbl8xMDQyMjQxNl8xNTA2NTgzOTY2LzI1Ng==,单机榜,107879,合肥乐堂动漫信息技术有限公司,https://www.qimai.cn/company/product/id/30695,2018-12-06
84,1,模拟卡车大师-货车越野,深圳明雅数娱网络科技有限公司,17516,https://static-cdn.aso100.com/pic/view/type/android/source/aHR0cDovL2ltZy53c2RsLnZpdm8uY29tLmNuL2FwcHN0b3JlL2RldmVsb3Blci9pY29uLzIwMTgxMDMwLzIwMTgxMDMwMTk0MzI1NjE5MzM5OS5wbmc=,单机榜,6739410,-,无,2018-12-06
85,1,变形金刚：地球之战,北京游道易网络文化有限公司,12976,https://static-cdn.aso100.com/pic/view/type/android/source/aHR0cDovL2ltZy53c2RsLnZpdm8uY29tLmNuL2FwcHN0b3JlL2RldmVsb3Blci9pY29uLzIwMTgwOTE0LzIwMTgwOTE0MTAzMTMxNDM4NjgxMC5wbmc=,单机榜,3684998,-,无,2018-12-06
86,1,僵尸尖叫,掌游天下（北京）信息技术股份有限公司,3127,https://static-cdn.aso100.com/pic/view/type/android/source/aHR0cDovL2ltZy53c2RsLnZpdm8uY29tLmNuL2FwcHN0b3JlL2RldmVsb3Blci9pY29uLzIwMTgwMTMxLzIwMTgwMTMxMjAxNTEwMjQ4MzMyNi5wbmc=,单机榜,1946894,-,无,2018-12-06
87,1,驾驶飞机模拟,科德电子科技,5579,https://static-cdn.aso100.com/pic/view/type/android/source/aHR0cDovL2NkbjAwLmJhaWR1LWltZy5jbi90aW1nP3ZzYXBwJnNpemU9YjE1MF8xNTAmaW1ndHlwZT0zJnF1YWxpdHk9MTAwJmVyJnNlYz0wJmRpPTRlZmVhZDg4ZmM0MjRkZTNmNTRjYTgwNDMwYTQ5MWQ4JnJlZj1odHRwJTNBJTJGJTJGZS5oaXBob3Rvcy5iZGltZy5jb20mc3JjPWh0dHAlM0ElMkYlMkZlLmhpcGhvdG9zLmJkaW1nLmNvbSUyRndpc2VnYW1lJTJGcGljJTJGaXRlbSUyRjU3YTg1ZWRmOGRiMWNiMTNjNWU1YWUxZmQ3NTQ1NjRlOTI1ODRiMmEuanBn,单机榜,2212732,-,无,2018-12-06
88,1,开心跳一跳,武汉指娱互动信息技术有限公司,6433,https://static-cdn.aso100.com/pic/view/type/android/source/aHR0cDovL2ltZy53c2RsLnZpdm8uY29tLmNuL2FwcHN0b3JlL2RldmVsb3Blci9pY29uLzIwMTgwOTE3LzIwMTgwOTE3MTYyODU2MTQ4MTkzOS5wbmc=,单机榜,5856161,-,无,2018-12-06
89,1,五子棋,武汉市多比特信息科技有限公司,7797,https://static-cdn.aso100.com/pic/view/type/android/source/aHR0cDovL2ltZy53c2RsLnZpdm8uY29tLmNuL2FwcHN0b3JlL2RldmVsb3Blci9pY29uLzIwMTcwMy8yMDE3MDMyOTIwNDA0NDk2NzgxNzMucG5n,单机榜,3473310,-,无,2018-12-06
90,1,纪念碑谷 完整版,深圳市创梦天地科技有限公司,4242,https://static-cdn.aso100.com/pic/view/type/android/source/aHR0cDovL3BwLm15YXBwLmNvbS9tYV9pY29uLzAvaWNvbl8xMTM4MzU4OV8xNTE3NDAwMTAxLzI1Ng==,单机榜,153984,深圳市创梦天地科技股份有限公司,https://www.qimai.cn/company/product/id/30699,2018-12-06
91,1,虐心直升机-绝地飞机求生,北京华澳擎海国际科技有限公司,11964,https://static-cdn.aso100.com/pic/view/type/android/source/aHR0cDovL2ltZy53c2RsLnZpdm8uY29tLmNuL2FwcHN0b3JlL2RldmVsb3Blci9pY29uLzIwMTgwMzI2LzIwMTgwMzI2MTczNTM2NDM0NTg1NC5wbmc=,单机榜,5970485,-,无,2018-12-06
92,1,疾风飞车世界（送兰博基尼）,深圳市创梦天地科技有限公司,6262,https://static-cdn.aso100.com/pic/view/type/android/source/aHR0cDovL2ltZy53c2RsLnZpdm8uY29tLmNuL2FwcHN0b3JlL2RldmVsb3Blci9pY29uLzIwMTgwNTIzLzIwMTgwNTIzMTUyNDMxMjE4MDIwOS5qcGc=,单机榜,2594700,深圳市创梦天地科技股份有限公司,https://www.qimai.cn/company/product/id/30699,2018-12-06
93,1,叶罗丽美颜公主,成都嘉游信息技术有限公司,37864,https://static-cdn.aso100.com/pic/view/type/android/source/aHR0cDovL2ltZy53c2RsLnZpdm8uY29tLmNuL2FwcHN0b3JlL2RldmVsb3Blci9pY29uLzIwMTgxMDMwLzIwMTgxMDMwMTgwMDUyMzY2NjY1NS5wbmc=,单机榜,6773373,-,无,2018-12-06
94,1,汤姆猫快跑,杭州哲信信息技术有限公司,30396,https://static-cdn.aso100.com/pic/view/type/android/source/aHR0cDovL2ltZy53c2RsLnZpdm8uY29tLmNuL2FwcHN0b3JlL2RldmVsb3Blci9pY29uLzIwMTgwODIxLzIwMTgwODIxMTE1MTUwNzg1ODU4NC5qcGc=,单机榜,6542145,-,无,2018-12-06
95,1,会说话的汤姆猫,杭州哲信信息技术有限公司,29046,https://static-cdn.aso100.com/pic/view/type/android/source/aHR0cDovL2ltZy53c2RsLnZpdm8uY29tLmNuL2FwcHN0b3JlL2RldmVsb3Blci90bXBpY29uLzIwMTgwNDEwLzIwMTgwNDEwMTExMDU4NzA3Nzc3Mi5qcGc=,单机榜,6407406,-,无,2018-12-06
96,1,灰姑娘的伙伴,拓维信息系统股份有限公司,8699,https://static-cdn.aso100.com/pic/view/type/android/source/aHR0cDovL2NkbjAwLmJhaWR1LWltZy5jbi90aW1nP3ZzYXBwJnNpemU9YjE1MF8xNTAmaW1ndHlwZT0zJnF1YWxpdHk9MTAwJmVyJnNlYz0wJmRpPTAzMzY3NzdmOGY1YzZlNmU2ZTVlY2Q4ZDgyYjk1MGEzJnJlZj1odHRwJTNBJTJGJTJGYS5oaXBob3Rvcy5iZGltZy5jb20mc3JjPWh0dHAlM0ElMkYlMkZhLmhpcGhvdG9zLmJkaW1nLmNvbSUyRndpc2VnYW1lJTJGd2glMjUzRDUxMiUyNTJDNTEyJTJGc2lnbiUzRDY4ZDMxYWFiNTllNzM2ZDE1ODQ2ODQwZGFhNjI2M2Y3JTJGNDcyMzA5Zjc5MDUyOTgyMmEyZDM2ZGI0ZGFjYTdiY2IwYjQ2ZDRlMS5qcGc=,单机榜,1946929,-,无,2018-12-06
97,1,台球帝国,杭州铭先互联科技有限公司,8451,https://static-cdn.aso100.com/pic/view/type/android/source/aHR0cDovL2ltZy53c2RsLnZpdm8uY29tLmNuL2FwcHN0b3JlL2RldmVsb3Blci9pY29uLzIwMTgwNDI4LzIwMTgwNDI4MTQ0OTM4NDE4MTk1Ni5qcGc=,单机榜,1960200,-,无,2018-12-06
98,1,NBA LIVE-征战新赛季,天津英雄互娱科技有限公司,12288,https://static-cdn.aso100.com/pic/view/type/android/source/aHR0cDovL2ltZy53c2RsLnZpdm8uY29tLmNuL2FwcHN0b3JlL2RldmVsb3Blci9pY29uLzIwMTgxMDE1LzIwMTgxMDE1MTgwNTU0NTg3NDk0OC5wbmc=,单机榜,3185205,-,无,2018-12-06
99,1,小龙学发型制作,西安立靶软件,3756,https://static-cdn.aso100.com/pic/view/type/android/source/aHR0cDovL2NkbjAwLmJhaWR1LWltZy5jbi90aW1nP3ZzYXBwJnNpemU9YjE1MF8xNTAmaW1ndHlwZT00JnF1YWxpdHk9MTAwJmVyJnNlYz0wJmRpPTE4NDlmMjA3YjM1Mjg3NzdmZTc3ZWMyYmQ0NDQxMzMyJnJlZj1odHRwJTNBJTJGJTJGZC5oaXBob3Rvcy5iZGltZy5jb20mc3JjPWh0dHAlM0ElMkYlMkZkLmhpcGhvdG9zLmJkaW1nLmNvbSUyRndpc2VnYW1lJTJGd2glMjUzRDUxMiUyNTJDNTEyJTJGc2lnbiUzRDNiODBkZWZhN2UwZTBjZjNhMGEyNDZmZTNiNzRkZTJhJTJGMGI1NWIzMTllYmM0Yjc0NWU4N2JjNGZlYzNmYzFlMTc4YjgyMTU2ZS5qcGc=,单机榜,5595667,-,无,2018-12-06
100,1,驾驶模拟卡车,科德电子科技,11418,https://static-cdn.aso100.com/pic/view/type/android/source/aHR0cDovL2NkbjAwLmJhaWR1LWltZy5jbi90aW1nP3ZzYXBwJnNpemU9YjE1MF8xNTAmaW1ndHlwZT00JnF1YWxpdHk9MTAwJmVyJnNlYz0wJmRpPWU4ZGQ0NzIzZTBmMTI5NTI1ZTc2MDE0NTNkZWZiNzJjJnJlZj1odHRwJTNBJTJGJTJGZi5oaXBob3Rvcy5iZGltZy5jb20mc3JjPWh0dHAlM0ElMkYlMkZmLmhpcGhvdG9zLmJkaW1nLmNvbSUyRndpc2VnYW1lJTJGcGljJTJGaXRlbSUyRjU3OWIwMzNiNWJiNWM5ZWEwOGI1ZjhlY2RmMzliNjAwM2FmM2IzN2YuanBn,单机榜,3420424,北京分享时代科技股份有限公司,https://www.qimai.cn/company/product/id/9799,2018-12-06
101,1,一起来飞车-极速氮气赛,天津英雄互娱科技有限公司,3697,https://static-cdn.aso100.com/pic/view/type/android/source/aHR0cDovL2ltZy53c2RsLnZpdm8uY29tLmNuL2FwcHN0b3JlL2RldmVsb3Blci9pY29uLzIwMTgwOTE0LzIwMTgwOTE0MTkzNzM0OTYxNjAwMy5wbmc=,单机榜,2289268,-,无,2018-12-06
102,1,奥特曼英雄传说（明日后送勇士）,上海迈趴纳网络技术有限公司,12510,https://static-cdn.aso100.com/pic/view/type/android/source/aHR0cDovL2ltZy53c2RsLnZpdm8uY29tLmNuL2FwcHN0b3JlL2RldmVsb3Blci9pY29uLzIwMTgxMTI3LzIwMTgxMTI3MTEzNTE4NTc1Nzk5Mi5wbmc=,单机榜,6384194,-,无,2018-12-06
103,1,保卫萝卜1,北京凯罗天下科技有限公司,5083,https://static-cdn.aso100.com/pic/view/type/android/source/aHR0cDovL3BwLm15YXBwLmNvbS9tYV9pY29uLzAvaWNvbl8xMTY4NjI5XzE1MjA0MTQ5NzcvMjU2,单机榜,64175,北京凯罗天下科技有限公司,https://www.qimai.cn/company/product/id/30706,2018-12-06
104,1,城市飞车,深圳市海富荣网络科技有限公司,9958,https://static-cdn.aso100.com/pic/view/type/android/source/aHR0cDovL3BwLm15YXBwLmNvbS9tYV9pY29uLzAvaWNvbl8xMTUyNTk4MV8xNTQwNTQzMDYyLzI1Ng==,单机榜,64210,-,无,2018-12-06
105,1,Beep飞机模拟2009,必普 科技,4427,https://static-cdn.aso100.com/pic/view/type/android/source/aHR0cDovL2NkbjAwLmJhaWR1LWltZy5jbi90aW1nP3ZzYXBwJnNpemU9YjE1MF8xNTAmaW1ndHlwZT00JnF1YWxpdHk9MTAwJmVyJnNlYz0wJmRpPTk0YWEzNWUwN2E2OTI5N2QyNmY3MjI5MDhlZjM5ZjI0JnJlZj1odHRwJTNBJTJGJTJGYS5oaXBob3Rvcy5iZGltZy5jb20mc3JjPWh0dHAlM0ElMkYlMkZhLmhpcGhvdG9zLmJkaW1nLmNvbSUyRndpc2VnYW1lJTJGcGljJTJGaXRlbSUyRjU1N2FkYWI0NGFlZDJlNzNiYjExYzcyNzhkMDFhMThiODZkNmZhYzUuanBn,单机榜,2662241,广州四三九九信息科技有限公司,https://www.qimai.cn/company/product/id/30705,2018-12-06
106,1,皇冠街机捕鱼,河北宾奇软件开发有限公司,10008,https://static-cdn.aso100.com/pic/view/type/android/source/aHR0cDovL2ltZy53c2RsLnZpdm8uY29tLmNuL2FwcHN0b3JlL2RldmVsb3Blci9pY29uLzIwMTgwNjE1LzIwMTgwNjE1MTE1NjIwOTU1NjE3MS5wbmc=,单机榜,6316214,-,无,2018-12-06
107,1,彩狗捕鱼（捕鱼赢红包）,义乌帕金文化传播有限公司,11940,https://static-cdn.aso100.com/pic/view/type/android/source/aHR0cDovL2ltZy53c2RsLnZpdm8uY29tLmNuL2FwcHN0b3JlL2RldmVsb3Blci9pY29uLzIwMTgwNzAzLzIwMTgwNzAzMTYyNTAwNTM2Mjg0Ni5wbmc=,单机榜,5144370,-,无,2018-12-06
108,1,四川麻将（血战到底）,深圳市禅游科技股份有限公司,3916,https://static-cdn.aso100.com/pic/view/type/android/source/aHR0cDovL2ltZy53c2RsLnZpdm8uY29tLmNuL2FwcHN0b3JlL2RldmVsb3Blci9pY29uLzIwMTgwNzAzLzIwMTgwNzAzMTQ1MjIyMzE5ODgzOS5wbmc=,单机榜,1961802,-,无,2018-12-06
109,1,方块合合乐（俄罗斯消除）,武汉汇多互动信息技术有限公司,26685,https://static-cdn.aso100.com/pic/view/type/android/source/aHR0cDovL2ltZy53c2RsLnZpdm8uY29tLmNuL2FwcHN0b3JlL2RldmVsb3Blci9pY29uLzIwMTcwOS8yMDE3MDkwNDIwMDUwNDgzODY0MDAuanBn,单机榜,4839427,-,无,2018-12-06
110,1,雷霆空袭-迷你飞机世界,北京易网科技有限公司,16580,https://static-cdn.aso100.com/pic/view/type/android/source/aHR0cDovL2ltZy53c2RsLnZpdm8uY29tLmNuL2FwcHN0b3JlL2RldmVsb3Blci9pY29uLzIwMTgwNzMxLzIwMTgwNzMxMTgxODI1ODgxODgzNy5qcGc=,单机榜,6508501,-,无,2018-12-06
111,1,饭局狼人杀,天津爱米未科技有限公司,6192,https://static-cdn.aso100.com/pic/view/type/android/source/aHR0cDovL3BwLm15YXBwLmNvbS9tYV9pY29uLzAvaWNvbl81MjQ1ODU1MF8xNTQyMzU0NDAyLzI1Ng==,单机榜,3453915,-,无,2018-12-06
112,1,球球跑酷,深圳市乐游戏科技有限公司,13952,https://static-cdn.aso100.com/pic/view/type/android/source/aHR0cDovL2ltZy53c2RsLnZpdm8uY29tLmNuL2FwcHN0b3JlL2RldmVsb3Blci9pY29uLzIwMTgxMDI0LzIwMTgxMDI0MTUzNzA5NjIzMTI1My5qcGc=,单机榜,6750835,-,无,2018-12-06
113,1,欢乐千炮捕鱼(赢话费）,深圳市隆达网络科技有限公司,508,https://static-cdn.aso100.com/pic/view/type/android/source/aHR0cDovL2ltZy53c2RsLnZpdm8uY29tLmNuL2FwcHN0b3JlL2RldmVsb3Blci9pY29uLzIwMTgxMDA4LzIwMTgxMDA4MTUyMDA2ODk1NjU5LmpwZw==,单机榜,6475179,-,无,2018-12-06
114,1,Monimoni驾驶模拟,,13215,https://static-cdn.aso100.com/pic/view/type/android/source/aHR0cDovL2NkbjAwLmJhaWR1LWltZy5jbi90aW1nP3ZzYXBwJnNpemU9YjE1MF8xNTAmaW1ndHlwZT00JnF1YWxpdHk9MTAwJmVyJnNlYz0wJmRpPThjOTZiYTYxYmU3M2Y1Y2E3ZTRiYWJjNjc5NTE0NWZjJnJlZj1odHRwJTNBJTJGJTJGZi5oaXBob3Rvcy5iZGltZy5jb20mc3JjPWh0dHAlM0ElMkYlMkZmLmhpcGhvdG9zLmJkaW1nLmNvbSUyRndpc2VnYW1lJTJGcGljJTJGaXRlbSUyRmQwMTllYmM0Yjc0NTQzYTk0NzI3MDJjMzE0MTc4YTgyYjkwMTE0ODUuanBn,单机榜,2615148,在线途游（北京）科技有限公司,https://www.qimai.cn/company/product/id/30700,2018-12-06
115,1,火线冲突,咪咕互动娱乐有限公司,5261,https://static-cdn.aso100.com/pic/view/type/android/source/aHR0cDovL2ltZy53c2RsLnZpdm8uY29tLmNuL2FwcHN0b3JlL2RldmVsb3Blci9pY29uLzIwMTgwNzA5LzIwMTgwNzA5MTcyOTI2Njg0NjMxMy5wbmc=,单机榜,1972818,-,无,2018-12-06
116,1,街机达人捕鱼(赢手机),上海飘然网络科技有限公司,4856,https://static-cdn.aso100.com/pic/view/type/android/source/aHR0cDovL2ltZy53c2RsLnZpdm8uY29tLmNuL2FwcHN0b3JlL2RldmVsb3Blci9pY29uLzIwMTcwOS8yMDE3MDkwNjEzMDUzNDc5Nzc1MzcucG5n,单机榜,1972836,-,无,2018-12-06
117,1,数字华容道,武汉市多比特信息科技有限公司,6576,https://static-cdn.aso100.com/pic/view/type/android/source/aHR0cDovL2ltZy53c2RsLnZpdm8uY29tLmNuL2FwcHN0b3JlL2RldmVsb3Blci9pY29uLzIwMTgwMzEzLzIwMTgwMzEzMTY1MzM0NjE4NDAzNy5wbmc=,单机榜,5921671,-,无,2018-12-06
118,1,欢乐麻将（升级版）,北京联众互动网络股份有限公司,7524,https://static-cdn.aso100.com/pic/view/type/android/source/aHR0cDovL2ltZy53c2RsLnZpdm8uY29tLmNuL2FwcHN0b3JlL2RldmVsb3Blci9pY29uLzIwMTgwNTIxLzIwMTgwNTIxMTQwNDA0MzM2OTk4OS5qcGc=,单机榜,1961801,-,无,2018-12-06
119,1,众多回忆的食堂故事,北京识君互娱网络有限公司,3984,https://static-cdn.aso100.com/pic/view/type/android/source/aHR0cDovL2ltZy53c2RsLnZpdm8uY29tLmNuL2FwcHN0b3JlL2RldmVsb3Blci9pY29uLzIwMTgwODIzLzIwMTgwODIzMTgyMjAxNjM2NDg0Ny5qcGc=,单机榜,6581672,-,无,2018-12-06
120,1,考试大作战,广州悦人网络科技有限公司,12080,https://static-cdn.aso100.com/pic/view/type/android/source/aHR0cDovL2ltZy53c2RsLnZpdm8uY29tLmNuL2FwcHN0b3JlL2RldmVsb3Blci9pY29uLzIwMTgwOTA3LzIwMTgwOTA3MTUyODQyMTY4Njc5LnBuZw==,单机榜,6747567,-,无,2018-12-06
121,1,一跳跳可爱指甲,深圳市乐云无线科技有限公司,8532,https://static-cdn.aso100.com/pic/view/type/android/source/aHR0cDovL2NkbjAwLmJhaWR1LWltZy5jbi90aW1nP3ZzYXBwJnNpemU9YjE1MF8xNTAmaW1ndHlwZT00JnF1YWxpdHk9MTAwJmVyJnNlYz0wJmRpPTAxZjlkZmYxM2FlMmI5NDBiNmFlNGI3Y2U3ZGExZGQ5JnJlZj1odHRwJTNBJTJGJTJGaC5oaXBob3Rvcy5iZGltZy5jb20mc3JjPWh0dHAlM0ElMkYlMkZoLmhpcGhvdG9zLmJkaW1nLmNvbSUyRndpc2VnYW1lJTJGd2glMjUzRDUxMiUyNTJDNTEyJTJGc2lnbiUzRGI0MWM4YjUzNzVmMGY3MzZkOGFiNDQwNDNiNjc5ZjJjJTJGYTcxZWE4ZDNmZDFmNDEzNDg4NzJiODUyMjgxZjk1Y2FkMWM4NWU1MC5qcGc=,单机榜,6187617,-,无,2018-12-06
122,1,保卫萝卜3,北京凯罗天下科技有限公司,4504,https://static-cdn.aso100.com/pic/view/type/android/source/aHR0cDovL3BwLm15YXBwLmNvbS9tYV9pY29uLzAvaWNvbl8xMjE1NjE0Ml8xNTM3OTQ3MjU5LzI1Ng==,单机榜,102869,-,无,2018-12-06
123,1,速度与激情8,咪咕互动娱乐有限公司,10941,https://static-cdn.aso100.com/pic/view/type/android/source/aHR0cDovL2ltZy53c2RsLnZpdm8uY29tLmNuL2FwcHN0b3JlL2RldmVsb3Blci9pY29uLzIwMTgwNDEzLzIwMTgwNDEzMjAwOTEzMTE0NDQwOC5qcGc=,单机榜,3395429,-,无,2018-12-06
124,1,闪电战机-模拟飞机战场,北京光耀大地科技有限公司,6140,https://static-cdn.aso100.com/pic/view/type/android/source/aHR0cDovL2ltZy53c2RsLnZpdm8uY29tLmNuL2FwcHN0b3JlL2RldmVsb3Blci9pY29uLzIwMTgxMTA1LzIwMTgxMTA1MTE1MzQ4MjIyMTc4OC5qcGc=,单机榜,6760826,-,无,2018-12-06
125,1,奥特曼正义降临（新形态）,合肥华乐互动信息技术有限公司,10740,https://static-cdn.aso100.com/pic/view/type/android/source/aHR0cDovL2ltZy53c2RsLnZpdm8uY29tLmNuL2FwcHN0b3JlL2RldmVsb3Blci9pY29uLzIwMTgxMDIzLzIwMTgxMDIzMTYzNDM3MTIzNDQxOS5wbmc=,单机榜,4367974,-,无,2018-12-06
126,1,天天爱消除（乾清坤宁）,腾讯公司,5404,https://static-cdn.aso100.com/pic/view/type/android/source/aHR0cDovL3BwLm15YXBwLmNvbS9tYV9pY29uLzAvaWNvbl8xMDA5ODIxNV8xNTQyMTgzOTYzLzI1Ng==,单机榜,112482,深圳市腾讯计算机系统有限公司,https://www.qimai.cn/company/product/id/11,2018-12-06
127,1,妞妞字母学堂,启发软件团队,7079,https://static-cdn.aso100.com/pic/view/type/android/source/aHR0cDovL2NkbjAwLmJhaWR1LWltZy5jbi90aW1nP3ZzYXBwJnNpemU9YjE1MF8xNTAmaW1ndHlwZT00JnF1YWxpdHk9MTAwJmVyJnNlYz0wJmRpPTk3MGM1ZDZjYmM0NTUyYTA1ZTk2MDA1MDgyMmY4Y2NjJnJlZj1odHRwJTNBJTJGJTJGZC5oaXBob3Rvcy5iZGltZy5jb20mc3JjPWh0dHAlM0ElMkYlMkZkLmhpcGhvdG9zLmJkaW1nLmNvbSUyRndpc2VnYW1lJTJGd2glMjUzRDUxMiUyNTJDNTEyJTJGc2lnbiUzRDgwOGRjMDkyOWU0NWQ2ODhhMzU3YmFhMTk1ZjA1MTJiJTJGZTRkZGU3MTE5MGVmNzZjNmU0OWZmMjhhOTExNmZkZmFhZTUxNjdjNS5qcGc=,单机榜,5346950,-,无,2018-12-06
128,1,魔法公主舞会奇遇(奇迹换装),深圳云步互娱网络科技有限公司,10564,https://static-cdn.aso100.com/pic/view/type/android/source/aHR0cDovL2ltZy53c2RsLnZpdm8uY29tLmNuL2FwcHN0b3JlL2RldmVsb3Blci9pY29uLzIwMTgxMTI4LzIwMTgxMTI4MTk1MDEyMTU2NTQ5NS5wbmc=,单机榜,6699490,-,无,2018-12-06
129,1,3D摩托飞车2,北京中科奥科技有限公司,1496,https://static-cdn.aso100.com/pic/view/type/android/source/aHR0cDovL2ltZy53c2RsLnZpdm8uY29tLmNuL2FwcHN0b3JlL2RldmVsb3Blci9pY29uLzIwMTYxMi8yMDE2MTIyODEzNTUxNTM5NjEzMTIuanBn,单机榜,1967315,-,无,2018-12-06
130,1,开心躲猫猫,苏州猫玩网络科技有限公司,0,https://static-cdn.aso100.com/pic/view/type/android/source/aHR0cDovL2ltZy53c2RsLnZpdm8uY29tLmNuL2FwcHN0b3JlL2RldmVsb3Blci9pY29uLzIwMTgwODMwLzIwMTgwODMwMDc0NTM3Njg5NjE5OC5wbmc=,单机榜,6565989,-,无,2018-12-06
131,1,喵星大作战,深圳市创梦天地科技有限公司,12544,https://static-cdn.aso100.com/pic/view/type/android/source/aHR0cDovL2ltZy53c2RsLnZpdm8uY29tLmNuL2FwcHN0b3JlL2RldmVsb3Blci9pY29uLzIwMTgwODA3LzIwMTgwODA3MTc0NjEyOTQxMDc0OC5qcGc=,单机榜,5549858,-,无,2018-12-06
132,1,汤姆猫的摩托艇,杭州哲信信息技术有限公司,27627,https://static-cdn.aso100.com/pic/view/type/android/source/aHR0cDovL2ltZy53c2RsLnZpdm8uY29tLmNuL2FwcHN0b3JlL2RldmVsb3Blci9pY29uLzIwMTgwNTI0LzIwMTgwNTI0MTk1NTM0ODczOTI4MC5wbmc=,单机榜,6240862,-,无,2018-12-06
133,1,欢乐四人斗地主（送话费抢红包）,掌彩网络科技（上海）有限公司,0,https://static-cdn.aso100.com/pic/view/type/android/source/aHR0cDovL2ltZy53c2RsLnZpdm8uY29tLmNuL2FwcHN0b3JlL2RldmVsb3Blci9pY29uLzIwMTgwNDAyLzIwMTgwNDAyMTQwMzIwNzQxMjI1NC5wbmc=,单机榜,3670002,-,无,2018-12-06
134,1,狂怒飞车-赛车单机游戏,深圳市海富荣网络科技有限公司,8688,https://static-cdn.aso100.com/pic/view/type/android/source/aHR0cDovL2ltZy53c2RsLnZpdm8uY29tLmNuL2FwcHN0b3JlL2RldmVsb3Blci9pY29uLzIwMTgwMzIzLzIwMTgwMzIzMTg0NDU2MzYzMzM5MS5qcGc=,单机榜,1965504,-,无,2018-12-06
135,1,酷跑奥特曼2,合肥华乐互动信息技术有限公司,13098,https://static-cdn.aso100.com/pic/view/type/android/source/aHR0cDovL2ltZy53c2RsLnZpdm8uY29tLmNuL2FwcHN0b3JlL2RldmVsb3Blci9pY29uLzIwMTcxMi8yMDE3MTIxMzE1MjU1NTc1OTI2MzQucG5n,单机榜,4923209,-,无,2018-12-06
136,1,汤姆猫战营,杭州哲信信息技术有限公司,20487,https://static-cdn.aso100.com/pic/view/type/android/source/aHR0cDovL2ltZy53c2RsLnZpdm8uY29tLmNuL2FwcHN0b3JlL2RldmVsb3Blci9pY29uLzIwMTgwNzE4LzIwMTgwNzE4MTg1NjE2Mjc0OTY5OC5wbmc=,单机榜,6439095,-,无,2018-12-06
137,1,割绳子2,北京游道易网络文化有限公司,8578,https://static-cdn.aso100.com/pic/view/type/android/source/aHR0cDovL2ltZy53c2RsLnZpdm8uY29tLmNuL2FwcHN0b3JlL2RldmVsb3Blci9pY29uLzIwMTUxMS8yMDE1MTEwMjE4Mjc1ODI2OC5qcGc=,单机榜,1956831,-,无,2018-12-06
138,1,保卫萝卜2：极地冒险,北京凯罗天下科技有限公司,4166,https://static-cdn.aso100.com/pic/view/type/android/source/aHR0cDovL3BwLm15YXBwLmNvbS9tYV9pY29uLzAvaWNvbl8xMDQwMTE1Nl8xNTM5MjQyMTkzLzI1Ng==,单机榜,64153,-,无,2018-12-06
139,1,无敌冲冲冲-跳舞的笔,深圳市微谷时代科技有限公司,17320,https://static-cdn.aso100.com/pic/view/type/android/source/aHR0cDovL2ltZy53c2RsLnZpdm8uY29tLmNuL2FwcHN0b3JlL2RldmVsb3Blci9pY29uLzIwMTgxMTEzLzIwMTgxMTEzMDkzNTQxODY2NTg4LmpwZw==,单机榜,6760498,-,无,2018-12-06
140,1,乐天捕鱼,武汉麦萌网络科技有限公司,276,https://static-cdn.aso100.com/pic/view/type/android/source/aHR0cDovL2ltZy53c2RsLnZpdm8uY29tLmNuL2FwcHN0b3JlL2RldmVsb3Blci9pY29uLzIwMTgwOTE5LzIwMTgwOTE5MTE0NzI2MTg5MTAwLnBuZw==,单机榜,6130940,-,无,2018-12-06
141,1,走出去,深圳市掌上乐游科技有限公司,4132,https://static-cdn.aso100.com/pic/view/type/android/source/aHR0cDovL2ltZy53c2RsLnZpdm8uY29tLmNuL2FwcHN0b3JlL2RldmVsb3Blci9pY29uLzIwMTgwOTEwLzIwMTgwOTEwMDk1NjA1Nzc0ODEyMC5qcGc=,单机榜,6602877,-,无,2018-12-06
142,1,哥哥斗地主,上海域起网络科技有限公司,11889,https://static-cdn.aso100.com/pic/view/type/android/source/aHR0cDovL2ltZy53c2RsLnZpdm8uY29tLmNuL2FwcHN0b3JlL2RldmVsb3Blci9pY29uLzIwMTcwNi8yMDE3MDYyMzIzNTAzMzE5MTA4NjEucG5n,单机榜,3561438,上海域起网络科技有限公司,https://www.qimai.cn/company/product/id/31252,2018-12-06
143,1,至尊街机捕鱼-赢话费千炮版,猪八戒信息科技(深圳)有限公司,10332,https://static-cdn.aso100.com/pic/view/type/android/source/aHR0cDovL2ltZy53c2RsLnZpdm8uY29tLmNuL2FwcHN0b3JlL2RldmVsb3Blci9pY29uLzIwMTgwOTI4LzIwMTgwOTI4MTEwMjA5NDY1NTQ3NS5wbmc=,单机榜,6691850,-,无,2018-12-06
144,1,恐龙家园-3D侏罗纪战场,深圳市指天椒科技有限公司,10124,https://static-cdn.aso100.com/pic/view/type/android/source/aHR0cDovL2ltZy53c2RsLnZpdm8uY29tLmNuL2FwcHN0b3JlL2RldmVsb3Blci9pY29uLzIwMTgxMDE3LzIwMTgxMDE3MTY1NDQ5NTY5OTM3OS5qcGc=,单机榜,6694728,-,无,2018-12-06
145,1,密室逃脱绝境系列4迷失森林-失落的领地1,深圳市火星人互动娱乐有限公司,7916,https://static-cdn.aso100.com/pic/view/type/android/source/aHR0cDovL2ltZy53c2RsLnZpdm8uY29tLmNuL2FwcHN0b3JlL2RldmVsb3Blci9pY29uLzIwMTgwOTI1LzIwMTgwOTI1MjExMTMzMzAyMjc3MC5wbmc=,单机榜,6384195,-,无,2018-12-06
146,1,全民单机切水果-我的忍者世界,北京掌上易游科技有限公司,14576,https://static-cdn.aso100.com/pic/view/type/android/source/aHR0cDovL2ltZy53c2RsLnZpdm8uY29tLmNuL2FwcHN0b3JlL2RldmVsb3Blci9pY29uLzIwMTgxMDI5LzIwMTgxMDI5MTAyMTQ5NDI5ODU4OC5qcGc=,单机榜,5563315,-,无,2018-12-06
147,1,穿越防线-反恐奇兵,北京盛天游网络科技有限公司,1960,https://static-cdn.aso100.com/pic/view/type/android/source/aHR0cDovL2ltZy53c2RsLnZpdm8uY29tLmNuL2FwcHN0b3JlL2RldmVsb3Blci9pY29uLzIwMTgwNDE3LzIwMTgwNDE3MTYwNjAyMzY1NzMzMC5qcGc=,单机榜,1945330,-,无,2018-12-06
148,1,致命狙击,北京中科奥科技有限公司,5306,https://static-cdn.aso100.com/pic/view/type/android/source/aHR0cDovL2ltZy53c2RsLnZpdm8uY29tLmNuL2FwcHN0b3JlL2RldmVsb3Blci9pY29uLzIwMTYxMC8yMDE2MTAyMTEyMTM0OTQyODE4MjAucG5n,单机榜,1973117,-,无,2018-12-06
149,1,神偷奶爸小黄人快跑果酱工厂版,北京万盛和泰科技有限公司,5051,https://static-cdn.aso100.com/pic/view/type/android/source/aHR0cDovL3BwLm15YXBwLmNvbS9tYV9pY29uLzAvaWNvbl8xMDQwMjYxNl8xNTExMjYwODkxLzI1Ng==,单机榜,104500,-,无,2018-12-06
150,1,神兽金刚3荣耀之战,成都雷兽互动科技有限公司,7755,https://static-cdn.aso100.com/pic/view/type/android/source/aHR0cDovL2ltZy53c2RsLnZpdm8uY29tLmNuL2FwcHN0b3JlL2RldmVsb3Blci9pY29uLzIwMTgwNTE2LzIwMTgwNTE2MTM1ODE2ODk0NDczOS5qcGc=,单机榜,5647481,-,无,2018-12-06
151,1,野蛮人大作战,杭州电魂网络科技股份有限公司,7638,https://static-cdn.aso100.com/pic/view/type/android/source/aHR0cDovL2ltZy53c2RsLnZpdm8uY29tLmNuL2FwcHN0b3JlL2RldmVsb3Blci9pY29uLzIwMTgxMTA5LzIwMTgxMTA5MTAwMzMzMzk2MzY1OS5qcGc=,单机榜,4741627,-,无,2018-12-06
152,1,狙击行动：代号猎鹰,北京游道易网络文化有限公司,18152,https://static-cdn.aso100.com/pic/view/type/android/source/aHR0cDovL2ltZy53c2RsLnZpdm8uY29tLmNuL2FwcHN0b3JlL2RldmVsb3Blci9pY29uLzIwMTgwODI4LzIwMTgwODI4MTc0MzQ2ODc5NjAzMC5qcGc=,单机榜,6566651,-,无,2018-12-06
153,1,欢乐四川麻将3D版,广州汶颢信息技术有限公司,6984,https://static-cdn.aso100.com/pic/view/type/android/source/aHR0cDovL2ltZy53c2RsLnZpdm8uY29tLmNuL2FwcHN0b3JlL2RldmVsb3Blci9pY29uLzIwMTgxMTI4LzIwMTgxMTI4MTE1NzE1NzIwMDgwMi5wbmc=,单机榜,1944540,-,无,2018-12-06
154,1,象棋,武汉市多比特信息科技有限公司,11607,https://static-cdn.aso100.com/pic/view/type/android/source/aHR0cDovL2ltZy53c2RsLnZpdm8uY29tLmNuL2FwcHN0b3JlL2RldmVsb3Blci9pY29uLzIwMTcwNC8yMDE3MDQyNDE5MDIzNjI5ODYwODEuanBn,单机榜,3488190,-,无,2018-12-06
155,1,合到20根本停不下来（2048世界建造）,深圳市火星人互动娱乐有限公司,1992,https://static-cdn.aso100.com/pic/view/type/android/source/aHR0cDovL2ltZy53c2RsLnZpdm8uY29tLmNuL2FwcHN0b3JlL2RldmVsb3Blci9pY29uLzIwMTgxMTE0LzIwMTgxMTE0MTc0MTA2ODY3NTg3My5qcGc=,单机榜,6643573,-,无,2018-12-06
156,1,走出办公室（逃离公司）,南京番茄互娱网络科技有限公司,3284,https://static-cdn.aso100.com/pic/view/type/android/source/aHR0cDovL2ltZy53c2RsLnZpdm8uY29tLmNuL2FwcHN0b3JlL2RldmVsb3Blci9pY29uLzIwMTgxMTEzLzIwMTgxMTEzMTk1OTEyMzg4NDYyNi5wbmc=,单机榜,6666612,-,无,2018-12-06
157,1,米拉奇战记,上海幻隙网络科技有限公司,7368,https://static-cdn.aso100.com/pic/view/type/android/source/aHR0cDovL2ltZy53c2RsLnZpdm8uY29tLmNuL2FwcHN0b3JlL2RldmVsb3Blci9pY29uLzIwMTgwODI4LzIwMTgwODI4MTc0NDE4NzEyOTUzNC5qcGc=,单机榜,6566639,-,无,2018-12-06
158,1,火柴人突击格斗（暗影蜘蛛侠3）,合肥指间娱乐信息技术有限公司,33908,https://static-cdn.aso100.com/pic/view/type/android/source/aHR0cDovL2ltZy53c2RsLnZpdm8uY29tLmNuL2FwcHN0b3JlL2RldmVsb3Blci9pY29uLzIwMTgwODE3LzIwMTgwODE3MTUwMDE5ODgwMDQ1My5wbmc=,单机榜,6458125,-,无,2018-12-06
159,1,勇者阿信-末日城市决战,南京齐聚元翔科技有限公司,12004,https://static-cdn.aso100.com/pic/view/type/android/source/aHR0cDovL2ltZy53c2RsLnZpdm8uY29tLmNuL2FwcHN0b3JlL2RldmVsb3Blci9pY29uLzIwMTgwOTI5LzIwMTgwOTI5MTE0MzM3NDk3ODMwNy5qcGc=,单机榜,6691864,-,无,2018-12-06
160,1,猪猪侠百变飞车,深圳市海富荣网络科技有限公司,1814,https://static-cdn.aso100.com/pic/view/type/android/source/aHR0cDovL2ltZy53c2RsLnZpdm8uY29tLmNuL2FwcHN0b3JlL2RldmVsb3Blci9pY29uLzIwMTgwMzEyLzIwMTgwMzEyMDk1NTQzMjQzMjY3MC5qcGc=,单机榜,1948084,-,无,2018-12-06
161,1,开心玻璃杯-更新300关,苏州番茄互娱信息科技有限公司,2900,https://static-cdn.aso100.com/pic/view/type/android/source/aHR0cDovL2ltZy53c2RsLnZpdm8uY29tLmNuL2FwcHN0b3JlL2RldmVsb3Blci9pY29uLzIwMTgxMTI3LzIwMTgxMTI3MTgzNjI1Nzk4Mjk2NS5wbmc=,单机榜,6624451,-,无,2018-12-06
162,1,我的熊大熊二（画画新功能萌趣上线）,深圳市灵游互娱股份有限公司,7655,https://static-cdn.aso100.com/pic/view/type/android/source/aHR0cDovL2ltZy53c2RsLnZpdm8uY29tLmNuL2FwcHN0b3JlL2RldmVsb3Blci9pY29uLzIwMTgwNjAxLzIwMTgwNjAxMTAxNTIxNjE1Mzg5NS5qcGc=,单机榜,3724261,-,无,2018-12-06
163,1,美食烹饪家(疯狂餐厅),深圳云步互娱网络科技有限公司,6942,https://static-cdn.aso100.com/pic/view/type/android/source/aHR0cDovL2ltZy53c2RsLnZpdm8uY29tLmNuL2FwcHN0b3JlL2RldmVsb3Blci9pY29uLzIwMTgwOTIwLzIwMTgwOTIwMTAyNjUyNzkzNzA0LmpwZw==,单机榜,6100890,-,无,2018-12-06
164,1,公主恋爱日记（换装养成）,成都力比科技有限公司,13311,https://static-cdn.aso100.com/pic/view/type/android/source/aHR0cDovL2ltZy53c2RsLnZpdm8uY29tLmNuL2FwcHN0b3JlL2RldmVsb3Blci9pY29uLzIwMTgwNDEwLzIwMTgwNDEwMTQ0NDAyMzI4NjI0NS5qcGc=,单机榜,6030361,-,无,2018-12-06
165,1,球球与白块（贪吃蛇战白块）,深圳市飞鸟与鱼科技开发有限公司,7312,https://static-cdn.aso100.com/pic/view/type/android/source/aHR0cDovL2ltZy53c2RsLnZpdm8uY29tLmNuL2FwcHN0b3JlL2RldmVsb3Blci9pY29uLzIwMTgwNzI2LzIwMTgwNzI2MTAwNzAzNzg2MzkyMy5wbmc=,单机榜,5861451,-,无,2018-12-06
166,1,密室逃脱1逃离地牢（史上最坑爹密室）,深圳市火星人互动娱乐有限公司,11116967,https://static-cdn.aso100.com/pic/view/type/android/source/aHR0cDovL2ltZy53c2RsLnZpdm8uY29tLmNuL2FwcHN0b3JlL2RldmVsb3Blci9pY29uLzIwMTYxMi8yMDE2MTIwODE2MDgxNzIxNDIwOTQucG5n,单机榜,1968802,-,无,2018-12-06
167,1,叶罗丽跑酷天团-梦幻精灵梦,石家庄尔布城信息科技有限公司,9848,https://static-cdn.aso100.com/pic/view/type/android/source/aHR0cDovL2ltZy53c2RsLnZpdm8uY29tLmNuL2FwcHN0b3JlL2RldmVsb3Blci9pY29uLzIwMTgxMDEyLzIwMTgxMDEyMTgwNzQ5ODE0MDU3NC5qcGc=,单机榜,6713465,-,无,2018-12-06
168,1,企鹅努力飞-刺激跑酷逃亡,北京多多游科技有限公司,4672,https://static-cdn.aso100.com/pic/view/type/android/source/aHR0cDovL2ltZy53c2RsLnZpdm8uY29tLmNuL2FwcHN0b3JlL2RldmVsb3Blci9pY29uLzIwMTgxMDA4LzIwMTgxMDA4MTAyMzI1ODg3NTYxOC5wbmc=,单机榜,6691150,-,无,2018-12-06
169,1,真实摩托锦标赛,深圳云步互娱网络科技有限公司,11916,https://static-cdn.aso100.com/pic/view/type/android/source/aHR0cDovL2ltZy53c2RsLnZpdm8uY29tLmNuL2FwcHN0b3JlL2RldmVsb3Blci9pY29uLzIwMTgwNDE4LzIwMTgwNDE4MTY0ODQwMjUxODM4NC5qcGc=,单机榜,6522561,-,无,2018-12-06
170,1,熊出没之机甲熊大,合肥乐堂动漫信息技术有限公司,4674,https://static-cdn.aso100.com/pic/view/type/android/source/aHR0cDovL2ltZy53c2RsLnZpdm8uY29tLmNuL2FwcHN0b3JlL2RldmVsb3Blci9pY29uLzIwMTgxMDA5LzIwMTgxMDA5MTkyMzA4MTExOTYxOC5qcGc=,单机榜,1944555,-,无,2018-12-06
171,1,梦幻婚纱店（换装）,成都力比科技有限公司,13140,https://static-cdn.aso100.com/pic/view/type/android/source/aHR0cDovL2ltZy53c2RsLnZpdm8uY29tLmNuL2FwcHN0b3JlL2RldmVsb3Blci9pY29uLzIwMTgwNzEyLzIwMTgwNzEyMTAzODA1MTM2NTI0LmpwZw==,单机榜,6441937,-,无,2018-12-06
172,1,果汁四溅2（开心消水果）,深圳市唯变科技开发有限公司,9681,https://static-cdn.aso100.com/pic/view/type/android/source/aHR0cDovL2ltZy53c2RsLnZpdm8uY29tLmNuL2FwcHN0b3JlL2RldmVsb3Blci9pY29uLzIwMTgwOTIxLzIwMTgwOTIxMTMzNjQ1Njg4MzQ2NS5qcGc=,单机榜,2639156,深圳市唯变科技开发有限公司,https://www.qimai.cn/company/product/id/30911,2018-12-06
173,1,找你妹,雪鲤鱼公司,2501,https://static-cdn.aso100.com/pic/view/type/android/source/aHR0cDovL2NkbjAwLmJhaWR1LWltZy5jbi90aW1nP3ZzYXBwJnNpemU9YjE1MF8xNTAmaW1ndHlwZT00JnF1YWxpdHk9MTAwJmVyJnNlYz0wJmRpPWNiMGYxNTc0MDI1M2MyOTA4YTc5NDQ4OTc0M2MyNjJjJnJlZj1odHRwJTNBJTJGJTJGYy5oaXBob3Rvcy5iZGltZy5jb20mc3JjPWh0dHAlM0ElMkYlMkZjLmhpcGhvdG9zLmJkaW1nLmNvbSUyRndpc2VnYW1lJTJGd2glMjUzRDUxMiUyNTJDNTEyJTJGc2lnbiUzRDJhZmI5NDZhNDEwODZlMDY2YWZkMzc0ZTMzM2E1N2MxJTJGODBjYjM5ZGJiNmZkNTI2NjQyNzQzNDRmYTYxODk3MmJkNDA3MzYwOS5qcGc=,单机榜,64278,-,无,2018-12-06
174,1,昭和杂货店物语3,北京识君互娱网络有限公司,6352,https://static-cdn.aso100.com/pic/view/type/android/source/aHR0cDovL2ltZy53c2RsLnZpdm8uY29tLmNuL2FwcHN0b3JlL2RldmVsb3Blci9pY29uLzIwMTgwOTI4LzIwMTgwOTI4MTMzOTM5ODkyMTgxMS5wbmc=,单机榜,6692078,-,无,2018-12-06
175,1,城市大乱斗,天津多酷紫桐科技有限公司,11166,https://static-cdn.aso100.com/pic/view/type/android/source/aHR0cDovL2ltZy53c2RsLnZpdm8uY29tLmNuL2FwcHN0b3JlL2RldmVsb3Blci9pY29uLzIwMTcwOS8yMDE3MDkwNTE4MDU0NzIyNzQ1NzIuanBn,单机榜,5025172,-,无,2018-12-06
176,1,白块儿达人,武汉市多比特信息科技有限公司,8352,https://static-cdn.aso100.com/pic/view/type/android/source/aHR0cDovL2ltZy53c2RsLnZpdm8uY29tLmNuL2FwcHN0b3JlL2RldmVsb3Blci9pY29uLzIwMTcwNy8yMDE3MDcxODE5MjIzNzUzOTUxMTUucG5n,单机榜,4590745,-,无,2018-12-06
177,1,途游中国象棋（赢话费）,在线途游(北京)科技有限公司,8049,https://static-cdn.aso100.com/pic/view/type/android/source/aHR0cDovL2ltZy53c2RsLnZpdm8uY29tLmNuL2FwcHN0b3JlL2RldmVsb3Blci9pY29uLzIwMTcxMi8yMDE3MTIxMzE5MDk1NDc3NTg4NTkucG5n,单机榜,1972898,-,无,2018-12-06
178,1,你胖你先吃（吃货大赛）,厦门游力信息科技有限公司,5511,https://static-cdn.aso100.com/pic/view/type/android/source/aHR0cDovL2ltZy53c2RsLnZpdm8uY29tLmNuL2FwcHN0b3JlL2RldmVsb3Blci9pY29uLzIwMTgwMzA3LzIwMTgwMzA3MTk1NDQ0MTk0NjU2NS5wbmc=,单机榜,5199159,-,无,2018-12-06
179,1,史上最坑爹的游戏,珠海顶峰互动科技有限公司,10830,https://static-cdn.aso100.com/pic/view/type/android/source/aHR0cDovL3BwLm15YXBwLmNvbS9tYV9pY29uLzAvaWNvbl8xMDMwNzI3NV8xNTM4MTMzNTc4LzI1Ng==,单机榜,111677,珠海顶峰互动科技有限公司,https://www.qimai.cn/company/product/id/30890,2018-12-06
180,1,消灭糖果,深圳市唯变科技开发有限公司,0,https://static-cdn.aso100.com/pic/view/type/android/source/aHR0cDovL3BwLm15YXBwLmNvbS9tYV9pY29uLzAvaWNvbl8xMDkxMTkzMV8xNTMxMzg4MTUxLzI1Ng==,单机榜,104502,深圳市唯变科技开发有限公司,https://www.qimai.cn/company/product/id/30911,2018-12-06
181,1,冰雪皇家婚礼2-公主圣诞婚礼,深圳云步互娱网络科技有限公司,4176,https://static-cdn.aso100.com/pic/view/type/android/source/aHR0cDovL2ltZy53c2RsLnZpdm8uY29tLmNuL2FwcHN0b3JlL2RldmVsb3Blci9pY29uLzIwMTgxMDI2LzIwMTgxMDI2MTYyMzU2Nzk4MjA1MC5wbmc=,单机榜,6737259,-,无,2018-12-06
182,1,烈焰雄心（绝地逃生攀爬）,马鞍山翰哲网络科技有限公司,5284,https://static-cdn.aso100.com/pic/view/type/android/source/aHR0cDovL2ltZy53c2RsLnZpdm8uY29tLmNuL2FwcHN0b3JlL2RldmVsb3Blci9pY29uLzIwMTgwODMwLzIwMTgwODMwMTUwODE0MTQ0MTc5Ni5qcGc=,单机榜,6625258,-,无,2018-12-06
183,1,开心水果连连看2,深圳市猎游科技有限公司,7839,https://static-cdn.aso100.com/pic/view/type/android/source/aHR0cDovL2ltZy53c2RsLnZpdm8uY29tLmNuL2FwcHN0b3JlL2RldmVsb3Blci9pY29uLzIwMTgwNTIxLzIwMTgwNTIxMTQzMzQ2OTg3MjQ1Ni5wbmc=,单机榜,1947845,-,无,2018-12-06
184,1,变色龙跑酷（刺激跑酷单机）,深圳市优指游科技有限公司,5864,https://static-cdn.aso100.com/pic/view/type/android/source/aHR0cDovL2ltZy53c2RsLnZpdm8uY29tLmNuL2FwcHN0b3JlL2RldmVsb3Blci9pY29uLzIwMTgwNzMxLzIwMTgwNzMxMDk1MzUzNjM1MTUzNS5wbmc=,单机榜,6482503,-,无,2018-12-06
185,1,鲨鱼模拟猎杀3D,天津羽仁科技有限公司,6944,https://static-cdn.aso100.com/pic/view/type/android/source/aHR0cDovL2ltZy53c2RsLnZpdm8uY29tLmNuL2FwcHN0b3JlL2RldmVsb3Blci9pY29uLzIwMTgwOTE3LzIwMTgwOTE3MTUxMzMyNDY4ODQwNC5qcGc=,单机榜,6624978,-,无,2018-12-06
186,1,完美贴合-你好星星,苏州番茄互娱信息科技有限公司,1352,https://static-cdn.aso100.com/pic/view/type/android/source/aHR0cDovL2ltZy53c2RsLnZpdm8uY29tLmNuL2FwcHN0b3JlL2RldmVsb3Blci9pY29uLzIwMTgxMTEwLzIwMTgxMTEwMTAyMzAzNjYzODUwNy5wbmc=,单机榜,6719823,-,无,2018-12-06
187,1,精明老婆婆煮面条,苗立创意团队,6052,https://static-cdn.aso100.com/pic/view/type/android/source/aHR0cDovL2NkbjAwLmJhaWR1LWltZy5jbi90aW1nP3ZzYXBwJnNpemU9YjE1MF8xNTAmaW1ndHlwZT00JnF1YWxpdHk9MTAwJmVyJnNlYz0wJmRpPWUzODk1MWI1ZDEyNzdmMTI5NDYyMzVhMzA3YjY3NjFhJnJlZj1odHRwJTNBJTJGJTJGZC5oaXBob3Rvcy5iZGltZy5jb20mc3JjPWh0dHAlM0ElMkYlMkZkLmhpcGhvdG9zLmJkaW1nLmNvbSUyRndpc2VnYW1lJTJGd2glMjUzRDUxMiUyNTJDNTEyJTJGc2lnbiUzRDJiY2U1MDI1NWQzZDI2OTcyZTg2MDA1ODY0Yzk5ZWNlJTJGYWM0YmQxMTM3M2YwODIwMmQxOGRmY2QwNDdmYmZiZWRhYTY0MWJjNS5qcGc=,单机榜,1968808,-,无,2018-12-06
188,1,四川麻将赢话费,深圳市禅游科技股份有限公司,24500150,https://static-cdn.aso100.com/pic/view/type/android/source/aHR0cDovL3BwLm15YXBwLmNvbS9tYV9pY29uLzAvaWNvbl8xMDk3MDg2MF8xNDYzMTMzMDE5LzI1Ng==,单机榜,1030352,深圳市禅游科技股份有限公司,https://www.qimai.cn/company/product/id/31341,2018-12-06
189,1,阿瑞斯病毒,厦门青瓷数码技术有限公司,5932,https://static-cdn.aso100.com/pic/view/type/android/source/aHR0cDovL2ltZy53c2RsLnZpdm8uY29tLmNuL2FwcHN0b3JlL2RldmVsb3Blci9pY29uLzIwMTgxMDI0LzIwMTgxMDI0MTQyMDAyNTEzODEwLnBuZw==,单机榜,6478459,-,无,2018-12-06
190,1,欢乐球吃球,腾讯,1438,https://static-cdn.aso100.com/pic/view/type/android/source/aHR0cDovL3BwLm15YXBwLmNvbS9tYV9pY29uLzAvaWNvbl80MjMyMzA4MF8xNTA4Mjk2ODMyLzI1Ng==,单机榜,1831541,-,无,2018-12-06
191,1,熊大熊二向前冲,合肥乐堂动漫信息技术有限公司,9993,https://static-cdn.aso100.com/pic/view/type/android/source/aHR0cDovL2ltZy53c2RsLnZpdm8uY29tLmNuL2FwcHN0b3JlL2RldmVsb3Blci9pY29uLzIwMTgwNjE1LzIwMTgwNjE1MTUwMTM5OTk1OTI3Ny5wbmc=,单机榜,6380643,-,无,2018-12-06
192,1,纪念碑谷2,ustwo   发行商：极光游戏,4644,https://static-cdn.aso100.com/pic/view/type/android/source/aHR0cDovL3BwLm15YXBwLmNvbS9tYV9pY29uLzAvaWNvbl81MjUwMjU4OV8xNTEzOTMwNzEzLzI1Ng==,单机榜,4630911,-,无,2018-12-06
193,1,欢乐射手（迷你射击世界）,深圳全民互动科技有限公司,0,https://static-cdn.aso100.com/pic/view/type/android/source/aHR0cDovL2ltZy53c2RsLnZpdm8uY29tLmNuL2FwcHN0b3JlL2RldmVsb3Blci9pY29uLzIwMTgxMDMxLzIwMTgxMDMxMTczOTA5MjIwOTM0Mi5wbmc=,单机榜,6741521,-,无,2018-12-06
194,1,火线突击之全民反恐-3d狙击战,石家庄德莫岛信息科技有限公司,8788,https://static-cdn.aso100.com/pic/view/type/android/source/aHR0cDovL2ltZy53c2RsLnZpdm8uY29tLmNuL2FwcHN0b3JlL2RldmVsb3Blci9pY29uLzIwMTgxMTA2LzIwMTgxMTA2MTAzMDIxNTE2ODM2Ny5qcGc=,单机榜,6757369,-,无,2018-12-06
195,1,甜心公主美发屋,成都力比科技有限公司,13456,https://static-cdn.aso100.com/pic/view/type/android/source/aHR0cDovL2ltZy53c2RsLnZpdm8uY29tLmNuL2FwcHN0b3JlL2RldmVsb3Blci9pY29uLzIwMTgwODA2LzIwMTgwODA2MTQyODQzNDQyMDQ3OS5qcGc=,单机榜,6498329,-,无,2018-12-06
196,1,机械迷宫,深圳市创梦天地科技有限公司,14188,https://static-cdn.aso100.com/pic/view/type/android/source/aHR0cDovL2ltZy53c2RsLnZpdm8uY29tLmNuL2FwcHN0b3JlL2RldmVsb3Blci9pY29uLzIwMTgwNzAyLzIwMTgwNzAyMTAxNDI0NDYwODQxLnBuZw==,单机榜,6371029,-,无,2018-12-06
197,1,有种上天啊（抱大腿小游戏）,深圳市动能无线传媒有限公司,4268,https://static-cdn.aso100.com/pic/view/type/android/source/aHR0cDovL2ltZy53c2RsLnZpdm8uY29tLmNuL2FwcHN0b3JlL2RldmVsb3Blci9pY29uLzIwMTgxMDE3LzIwMTgxMDE3MTgxNDIyNDg1MzA3Ni5qcGc=,单机榜,6739687,-,无,2018-12-06
198,1,滚动迷你世界（Tenkyu 3D）,深圳市火星网络有限公司,3184,https://static-cdn.aso100.com/pic/view/type/android/source/aHR0cDovL2ltZy53c2RsLnZpdm8uY29tLmNuL2FwcHN0b3JlL2RldmVsb3Blci9pY29uLzIwMTgwODE1LzIwMTgwODE1MTcxNDU4OTY4OTA0Mi5wbmc=,单机榜,6566470,-,无,2018-12-06
199,1,欢乐球球,深圳市一锋科技有限公司,5112,https://static-cdn.aso100.com/pic/view/type/android/source/aHR0cDovL2ltZy53c2RsLnZpdm8uY29tLmNuL2FwcHN0b3JlL2RldmVsb3Blci9pY29uLzIwMTgwOTEzLzIwMTgwOTEzMTQyNzQ1NzIwMDIzNC5qcGc=,单机榜,6643156,-,无,2018-12-06
200,新进榜,动物快跑（汤姆猫）,马鞍山翰哲网络科技有限公司,9088,https://static-cdn.aso100.com/pic/view/type/android/source/aHR0cDovL2ltZy53c2RsLnZpdm8uY29tLmNuL2FwcHN0b3JlL2RldmVsb3Blci9pY29uLzIwMTgwNDIzLzIwMTgwNDIzMTUwMjMzNjUxNTUxNy5wbmc=,单机榜,6096091,-,无,2018-12-06